FS_CD,FS_LN_KEY,ACCT_ID,MODIFIED_BY,TIME_STAMP,COMPANY_ID,S_CF_ACCT_TYP_CD,S_CF_ACTVTY_CD,ROWVERSION
BALSHT,27,0245-020,SGOSS,2016-02-13,1,,,0
INCSTM,24,0517-010,SGOSS,2016-02-13,1,,,0
INCSTM,25,0517-105,SGOSS,2016-02-13,1,,,0
INCSTM,25,0517-110,SGOSS,2016-02-13,1,,,0
INCSTM,7,1010-005,SGOSS,2016-02-13,1,,,0
BALSHT,38,0508-000,SGOSS,2016-02-13,1,,,0
BALSHT,38,0505-100,SGOSS,2016-02-13,1,,,0
BALSHT,38,0505-000,SGOSS,2016-02-13,1,,,0
BALSHT,38,0500-100,SGOSS,2016-02-13,1,,,0
BALSHT,38,0500-000,SGOSS,2016-02-13,1,,,0
BALSHT,38,0488-000,SGOSS,2016-02-13,1,,,0
BALSHT,38,0472-000,SGOSS,2016-02-13,1,,,0
BALSHT,38,0350-000,SGOSS,2016-02-13,1,,,0
BALSHT,38,0300-000,SGOSS,2016-02-13,1,,,0
BALSHT,37,0340-000,SGOSS,2016-02-13,1,,,0
BALSHT,36,0320-000,SGOSS,2016-02-13,1,,,0
BALSHT,33,0275-000,SGOSS,2016-02-13,1,,,0
BALSHT,31,0270-000,SGOSS,2016-02-13,1,,,0
BALSHT,31,0270-005,SGOSS,2016-02-13,1,,,0
BALSHT,31,0270-010,SGOSS,2016-02-13,1,,,0
BALSHT,31,0270-015,SGOSS,2016-02-13,1,,,0
BALSHT,30,0285-000,SGOSS,2016-02-13,1,,,0
BALSHT,30,0265-1TX,SGOSS,2016-02-13,1,,,0
BALSHT,30,0265-1PA,SGOSS,2016-02-13,1,,,0
BALSHT,30,0265-1CA,SGOSS,2016-02-13,1,,,0
BALSHT,38,0783-00M,SGOSS,2016-02-13,1,,,0
BALSHT,38,0783-00E,SGOSS,2016-02-13,1,,,0
BALSHT,38,0783-00C,SGOSS,2016-02-13,1,,,0
BALSHT,38,0783-00B,SGOSS,2016-02-13,1,,,0
BALSHT,38,0783-00A,SGOSS,2016-02-13,1,,,0
BALSHT,38,0700-000,SGOSS,2016-02-13,1,,,0
BALSHT,38,0683-00C,SGOSS,2016-02-13,1,,,0
BALSHT,38,0600-000,SGOSS,2016-02-13,1,,,0
BALSHT,38,0583-10M,SGOSS,2016-02-13,1,,,0
BALSHT,38,0583-10F,SGOSS,2016-02-13,1,,,0
BALSHT,38,0583-00M,SGOSS,2016-02-13,1,,,0
BALSHT,38,0583-00F,SGOSS,2016-02-13,1,,,0
BALSHT,38,0572-100,SGOSS,2016-02-13,1,,,0
BALSHT,38,0572-000,SGOSS,2016-02-13,1,,,0
BALSHT,38,0571-100,SGOSS,2016-02-13,1,,,0
BALSHT,38,0571-000,SGOSS,2016-02-13,1,,,0
BALSHT,38,0570-100,SGOSS,2016-02-13,1,,,0
BALSHT,38,0570-000,SGOSS,2016-02-13,1,,,0
BALSHT,38,0563-100,SGOSS,2016-02-13,1,,,0
BALSHT,38,0563-000,SGOSS,2016-02-13,1,,,0
BALSHT,38,0562-100,SGOSS,2016-02-13,1,,,0
BALSHT,38,0562-000,SGOSS,2016-02-13,1,,,0
BALSHT,38,0561-100,SGOSS,2016-02-13,1,,,0
BALSHT,38,0561-000,SGOSS,2016-02-13,1,,,0
BALSHT,38,0560-000,SGOSS,2016-02-13,1,,,0
BALSHT,38,0559-100,SGOSS,2016-02-13,1,,,0
BALSHT,38,0559-000,SGOSS,2016-02-13,1,,,0
BALSHT,38,0555-100,SGOSS,2016-02-13,1,,,0
BALSHT,38,0555-000,SGOSS,2016-02-13,1,,,0
BALSHT,38,0550-100,SGOSS,2016-02-13,1,,,0
BALSHT,38,0550-000,SGOSS,2016-02-13,1,,,0
BALSHT,38,0549-100,SGOSS,2016-02-13,1,,,0
BALSHT,38,0549-000,SGOSS,2016-02-13,1,,,0
BALSHT,38,0547-100,SGOSS,2016-02-13,1,,,0
BALSHT,38,0547-000,SGOSS,2016-02-13,1,,,0
BALSHT,38,0546-100,SGOSS,2016-02-13,1,,,0
BALSHT,38,0546-000,SGOSS,2016-02-13,1,,,0
BALSHT,38,0545-100,SGOSS,2016-02-13,1,,,0
BALSHT,38,0545-000,SGOSS,2016-02-13,1,,,0
BALSHT,38,0544-100,SGOSS,2016-02-13,1,,,0
BALSHT,38,0544-000,SGOSS,2016-02-13,1,,,0
BALSHT,38,0542-100,SGOSS,2016-02-13,1,,,0
BALSHT,38,0542-000,SGOSS,2016-02-13,1,,,0
BALSHT,38,0540-100,SGOSS,2016-02-13,1,,,0
BALSHT,38,0540-000,SGOSS,2016-02-13,1,,,0
BALSHT,38,0534-100,SGOSS,2016-02-13,1,,,0
BALSHT,38,0534-000,SGOSS,2016-02-13,1,,,0
BALSHT,38,0532-100,SGOSS,2016-02-13,1,,,0
BALSHT,38,0532-000,SGOSS,2016-02-13,1,,,0
BALSHT,38,0530-100,SGOSS,2016-02-13,1,,,0
BALSHT,38,0530-000,SGOSS,2016-02-13,1,,,0
BALSHT,38,0526-100,SGOSS,2016-02-13,1,,,0
BALSHT,38,0526-000,SGOSS,2016-02-13,1,,,0
BALSHT,38,0525-100,SGOSS,2016-02-13,1,,,0
BALSHT,38,0525-000,SGOSS,2016-02-13,1,,,0
BALSHT,38,0524-100,SGOSS,2016-02-13,1,,,0
BALSHT,38,0524-000,SGOSS,2016-02-13,1,,,0
BALSHT,38,0816-000,SGOSS,2016-02-13,1,,,0
BALSHT,38,0815-000,SGOSS,2016-02-13,1,,,0
BALSHT,38,0814-000,SGOSS,2016-02-13,1,,,0
BALSHT,38,0813-000,SGOSS,2016-02-13,1,,,0
BALSHT,38,0812-000,SGOSS,2016-02-13,1,,,0
BALSHT,38,0811-000,SGOSS,2016-02-13,1,,,0
BALSHT,38,0808-000,SGOSS,2016-02-13,1,,,0
BALSHT,38,0805-000,SGOSS,2016-02-13,1,,,0
BALSHT,38,0800-000,SGOSS,2016-02-13,1,,,0
BALSHT,38,0783-00R,SGOSS,2016-02-13,1,,,0
BALSHT,38,0415-000,SGOSS,2016-02-13,1,,,0
BALSHT,38,0411-000,SGOSS,2016-02-13,1,,,0
BALSHT,38,0409-000,SGOSS,2016-02-13,1,,,0
BALSHT,38,0407-000,SGOSS,2016-02-13,1,,,0
BALSHT,38,0406-000,SGOSS,2016-02-13,1,,,0
BALSHT,38,0405-000,SGOSS,2016-02-13,1,,,0
BALSHT,38,0404-000,SGOSS,2016-02-13,1,,,0
BALSHT,38,0403-000,SGOSS,2016-02-13,1,,,0
BALSHT,26,0230-0WV,SGOSS,2016-02-13,1,,,0
BALSHT,26,0230-0WA,SGOSS,2016-02-13,1,,,0
BALSHT,26,0230-0VT,SGOSS,2016-02-13,1,,,0
BALSHT,26,0230-0VA,SGOSS,2016-02-13,1,,,0
BALSHT,26,0230-0UT,SGOSS,2016-02-13,1,,,0
BALSHT,26,0230-0TX,SGOSS,2016-02-13,1,,,0
BALSHT,26,0230-0SC,SGOSS,2016-02-13,1,,,0
BALSHT,26,0230-0RI,SGOSS,2016-02-13,1,,,0
BALSHT,26,0230-0PR,SGOSS,2016-02-13,1,,,0
BALSHT,26,0230-0PA,SGOSS,2016-02-13,1,,,0
BALSHT,26,0230-0OR,SGOSS,2016-02-13,1,,,0
BALSHT,26,0230-0OH,SGOSS,2016-02-13,1,,,0
BALSHT,26,0230-0NY,SGOSS,2016-02-13,1,,,0
BALSHT,26,0230-0NM,SGOSS,2016-02-13,1,,,0
BALSHT,26,0230-0NJ,SGOSS,2016-02-13,1,,,0
BALSHT,26,0230-0NH,SGOSS,2016-02-13,1,,,0
BALSHT,26,0230-0NC,SGOSS,2016-02-13,1,,,0
BALSHT,26,0230-0MS,SGOSS,2016-02-13,1,,,0
BALSHT,38,0883-00C,SGOSS,2016-02-13,1,,,0
BALSHT,38,0883-00B,SGOSS,2016-02-13,1,,,0
BALSHT,38,0899-00R,SGOSS,2016-02-13,1,,,0
BALSHT,38,0998-000,SGOSS,2016-02-13,1,,,0
BALSHT,38,0999-130,SGOSS,2016-02-13,1,,,0
BALSHT,38,0999-120,SGOSS,2016-02-13,1,,,0
BALSHT,38,0999-110,SGOSS,2016-02-13,1,,,0
BALSHT,38,0999-100,SGOSS,2016-02-13,1,,,0
BALSHT,38,0999-090,SGOSS,2016-02-13,1,,,0
BALSHT,38,0999-080,SGOSS,2016-02-13,1,,,0
BALSHT,38,0999-070,SGOSS,2016-02-13,1,,,0
BALSHT,38,1120-999,SGOSS,2016-02-13,1,,,0
BALSHT,38,1110-800,SGOSS,2016-02-13,1,,,0
BALSHT,38,1110-000,SGOSS,2016-02-13,1,,,0
BALSHT,38,1100-010,SGOSS,2016-02-13,1,,,0
BALSHT,38,1100-005,SGOSS,2016-02-13,1,,,0
BALSHT,38,1100-000,SGOSS,2016-02-13,1,,,0
BALSHT,38,1040-005,SGOSS,2016-02-13,1,,,0
BALSHT,38,1040-000,SGOSS,2016-02-13,1,,,0
BALSHT,38,1030-999,SGOSS,2016-02-13,1,,,0
BALSHT,41,0360-000,SGOSS,2016-02-13,1,,,0
BALSHT,40,0395-000,SGOSS,2016-02-13,1,,,0
BALSHT,39,0390-000,SGOSS,2016-02-13,1,,,0
BALSHT,38,2110-000,SGOSS,2016-02-13,1,,,0
BALSHT,38,2100-005,SGOSS,2016-02-13,1,,,0
BALSHT,38,2100-000,SGOSS,2016-02-13,1,,,0
BALSHT,38,2040-005,SGOSS,2016-02-13,1,,,0
BALSHT,25,0220-0NJ,SGOSS,2016-02-13,1,,,0
BALSHT,25,0220-0NH,SGOSS,2016-02-13,1,,,0
BALSHT,25,0220-0NC,SGOSS,2016-02-13,1,,,0
BALSHT,25,0220-0MS,SGOSS,2016-02-13,1,,,0
BALSHT,25,0220-0MO,SGOSS,2016-02-13,1,,,0
BALSHT,25,0220-0MI,SGOSS,2016-02-13,1,,,0
BALSHT,25,0220-0ME,SGOSS,2016-02-13,1,,,0
BALSHT,25,0220-0MD,SGOSS,2016-02-13,1,,,0
BALSHT,25,0220-0MA,SGOSS,2016-02-13,1,,,0
BALSHT,25,0220-0LV,SGOSS,2016-02-13,1,,,0
BALSHT,25,0220-0LA,SGOSS,2016-02-13,1,,,0
BALSHT,25,0220-0IN,SGOSS,2016-02-13,1,,,0
BALSHT,25,0220-0IL,SGOSS,2016-02-13,1,,,0
BALSHT,25,0220-0IA,SGOSS,2016-02-13,1,,,0
BALSHT,25,0220-0HI,SGOSS,2016-02-13,1,,,0
BALSHT,25,0220-0GA,SGOSS,2016-02-13,1,,,0
BALSHT,25,0220-0DE,SGOSS,2016-02-13,1,,,0
BALSHT,25,0220-0DC,SGOSS,2016-02-13,1,,,0
BALSHT,25,0220-0CT,SGOSS,2016-02-13,1,,,0
BALSHT,25,0220-0CA,SGOSS,2016-02-13,1,,,0
BALSHT,25,0220-0AZ,SGOSS,2016-02-13,1,,,0
BALSHT,25,0220-000,SGOSS,2016-02-13,1,,,0
BALSHT,25,0210-038,SGOSS,2016-02-13,1,,,0
BALSHT,25,0210-036,SGOSS,2016-02-13,1,,,0
BALSHT,25,0210-034,SGOSS,2016-02-13,1,,,0
BALSHT,25,0210-030,SGOSS,2016-02-13,1,,,0
BALSHT,25,0210-028,SGOSS,2016-02-13,1,,,0
BALSHT,3,0110-010,SGOSS,2016-02-13,1,,,0
BALSHT,38,0810-00A,SGOSS,2016-02-13,1,,,0
BALSHT,38,0810-00B,SGOSS,2016-02-13,1,,,0
BALSHT,38,0810-00C,SGOSS,2016-02-13,1,,,0
BALSHT,38,0810-00E,SGOSS,2016-02-13,1,,,0
BALSHT,38,0810-00F,SGOSS,2016-02-13,1,,,0
BALSHT,38,0810-00H,SGOSS,2016-02-13,1,,,0
BALSHT,38,0810-00M,SGOSS,2016-02-13,1,,,0
BALSHT,38,0810-00R,SGOSS,2016-02-13,1,,,0
BALSHT,38,1040-999,SGOSS,2016-02-13,1,,,0
BALSHT,38,0583-00C,SGOSS,2016-02-13,1,,,0
BALSHT,38,0583-10C,SGOSS,2016-02-13,1,,,0
BALSHT,38,0683-00P,SGOSS,2016-02-13,1,,,0
BALSHT,38,0489-01H,SGOSS,2016-02-13,1,,,0
BALSHT,38,0489-02H,SGOSS,2016-02-13,1,,,0
BALSHT,38,0810-00P,SGOSS,2016-02-13,1,,,0
BALSHT,38,0432-000,SGOSS,2016-02-13,1,,,0
INCSTM,24,0549-000,SGOSS,2016-02-13,1,,,0
INCSTM,24,0547-000,SGOSS,2016-02-13,1,,,0
INCSTM,24,0546-000,SGOSS,2016-02-13,1,,,0
INCSTM,24,0545-000,SGOSS,2016-02-13,1,,,0
INCSTM,24,0544-000,SGOSS,2016-02-13,1,,,0
INCSTM,24,0542-000,SGOSS,2016-02-13,1,,,0
INCSTM,24,0540-000,SGOSS,2016-02-13,1,,,0
INCSTM,24,0534-000,SGOSS,2016-02-13,1,,,0
INCSTM,24,0532-000,SGOSS,2016-02-13,1,,,0
INCSTM,24,0530-000,SGOSS,2016-02-13,1,,,0
INCSTM,24,0526-000,SGOSS,2016-02-13,1,,,0
INCSTM,24,0525-000,SGOSS,2016-02-13,1,,,0
INCSTM,24,0524-000,SGOSS,2016-02-13,1,,,0
INCSTM,24,0522-000,SGOSS,2016-02-13,1,,,0
INCSTM,24,0521-000,SGOSS,2016-02-13,1,,,0
INCSTM,24,0520-000,SGOSS,2016-02-13,1,,,0
INCSTM,24,0519-000,SGOSS,2016-02-13,1,,,0
INCSTM,24,0518-000,SGOSS,2016-02-13,1,,,0
INCSTM,24,0517-000,SGOSS,2016-02-13,1,,,0
INCSTM,24,0516-000,SGOSS,2016-02-13,1,,,0
INCSTM,24,0515-000,SGOSS,2016-02-13,1,,,0
INCSTM,24,0513-000,SGOSS,2016-02-13,1,,,0
INCSTM,24,0512-000,SGOSS,2016-02-13,1,,,0
INCSTM,24,0511-000,SGOSS,2016-02-13,1,,,0
INCSTM,24,0508-000,SGOSS,2016-02-13,1,,,0
INCSTM,24,0505-000,SGOSS,2016-02-13,1,,,0
INCSTM,24,0500-000,SGOSS,2016-02-13,1,,,0
INCSTM,21,0488-000,SGOSS,2016-02-13,1,,,0
INCSTM,21,0472-000,SGOSS,2016-02-13,1,,,0
INCSTM,21,0471-000,SGOSS,2016-02-13,1,,,0
INCSTM,21,0470-000,SGOSS,2016-02-13,1,,,0
INCSTM,21,0461-000,SGOSS,2016-02-13,1,,,0
INCSTM,21,0460-000,SGOSS,2016-02-13,1,,,0
INCSTM,21,0450-000,SGOSS,2016-02-13,1,,,0
INCSTM,21,0435-000,SGOSS,2016-02-13,1,,,0
INCSTM,21,0431-000,SGOSS,2016-02-13,1,,,0
INCSTM,21,0429-000,SGOSS,2016-02-13,1,,,0
INCSTM,21,0428-000,SGOSS,2016-02-13,1,,,0
INCSTM,21,0426-000,SGOSS,2016-02-13,1,,,0
INCSTM,21,0425-000,SGOSS,2016-02-13,1,,,0
INCSTM,21,0422-000,SGOSS,2016-02-13,1,,,0
INCSTM,21,0421-000,SGOSS,2016-02-13,1,,,0
INCSTM,21,0420-000,SGOSS,2016-02-13,1,,,0
INCSTM,21,0416-000,SGOSS,2016-02-13,1,,,0
INCSTM,21,0415-000,SGOSS,2016-02-13,1,,,0
INCSTM,21,0411-000,SGOSS,2016-02-13,1,,,0
INCSTM,21,0409-000,SGOSS,2016-02-13,1,,,0
INCSTM,21,0407-000,SGOSS,2016-02-13,1,,,0
INCSTM,21,0406-000,SGOSS,2016-02-13,1,,,0
INCSTM,21,0405-000,SGOSS,2016-02-13,1,,,0
INCSTM,21,0404-000,SGOSS,2016-02-13,1,,,0
INCSTM,21,0403-000,SGOSS,2016-02-13,1,,,0
INCSTM,20,1299-000,SGOSS,2016-02-13,1,,,0
INCSTM,18,1110-800,SGOSS,2016-02-13,1,,,0
INCSTM,17,1120-999,SGOSS,2016-02-13,1,,,0
INCSTM,16,1110-000,SGOSS,2016-02-13,1,,,0
INCSTM,15,1100-005,SGOSS,2016-02-13,1,,,0
INCSTM,14,1100-000,SGOSS,2016-02-13,1,,,0
INCSTM,11,1030-999,SGOSS,2016-02-13,1,,,0
INCSTM,79,0800-000,JLAPINGTON,2017-02-21,1,,,0
INCSTM,79,0800-001,JLAPINGTON,2017-02-21,1,,,0
INCSTM,79,0805-000,JLAPINGTON,2017-02-21,1,,,0
INCSTM,79,0808-000,JLAPINGTON,2017-02-21,1,,,0
INCSTM,79,0810-00A,JLAPINGTON,2017-02-21,1,,,0
INCSTM,28,2110-000,SGOSS,2016-02-13,1,,,0
INCSTM,28,2100-005,SGOSS,2016-02-13,1,,,0
INCSTM,28,2100-000,SGOSS,2016-02-13,1,,,0
INCSTM,28,2040-005,SGOSS,2016-02-13,1,,,0
INCSTM,28,2040-000,SGOSS,2016-02-13,1,,,0
INCSTM,28,2020-000,SGOSS,2016-02-13,1,,,0
INCSTM,28,2010-010,SGOSS,2016-02-13,1,,,0
INCSTM,28,2010-000,SGOSS,2016-02-13,1,,,0
INCSTM,28,0783-00R,SGOSS,2016-02-13,1,,,0
INCSTM,28,0783-00M,SGOSS,2016-02-13,1,,,0
INCSTM,28,0783-00E,SGOSS,2016-02-13,1,,,0
INCSTM,28,0783-00C,SGOSS,2016-02-13,1,,,0
INCSTM,28,0783-00B,SGOSS,2016-02-13,1,,,0
INCSTM,28,0783-00A,SGOSS,2016-02-13,1,,,0
INCSTM,28,0700-000,SGOSS,2016-02-13,1,,,0
BALSHT,20,0135-005,49301.ISMAIL.MARMAR,2017-05-17,1,,,0
INCSTM,24,MJAC-OCS,JLAPINGTON,2017-08-09,1,,,0
BALSHT,26,0230-0DE,SGOSS,2016-02-13,1,,,0
INCSTM,29,DFRS-100,SGOSS,2016-02-13,1,,,0
INCSTM,29,DFRS-101,SGOSS,2016-02-13,1,,,0
INCSTM,29,DFRS-300,SGOSS,2016-02-13,1,,,0
INCSTM,29,DFRS-301,SGOSS,2016-02-13,1,,,0
INCSTM,24,MJBD-OCS,JLAPINGTON,2017-08-09,1,,,0
INCSTM,24,MJCN-OCS,JLAPINGTON,2017-08-09,1,,,0
INCSTM,24,MJEM-OCS,JLAPINGTON,2017-08-09,1,,,0
INCSTM,12,1020-800,SGOSS,2016-02-13,1,,,0
INCSTM,79,0810-00B,JLAPINGTON,2017-02-21,1,,,0
INCSTM,79,0810-00E,JLAPINGTON,2017-02-21,1,,,0
INCSTM,79,0810-00F,JLAPINGTON,2017-02-21,1,,,0
INCSTM,79,0810-00H,JLAPINGTON,2017-02-21,1,,,0
INCSTM,79,0810-00I,JLAPINGTON,2017-02-21,1,,,0
INCSTM,79,0810-00M,JLAPINGTON,2017-02-21,1,,,0
INCSTM,79,0810-00P,JLAPINGTON,2017-02-21,1,,,0
INCSTM,79,0810-00R,JLAPINGTON,2017-02-21,1,,,0
INCSTM,9,1040-999,SGOSS,2016-02-13,1,,,0
INCSTM,24,0583-00C,SGOSS,2016-02-13,1,,,0
INCSTM,25,0583-10C,SGOSS,2016-02-13,1,,,0
INCSTM,27,0683-00P,SGOSS,2016-02-13,1,,,0
INCSTM,21,0489-01H,SGOSS,2016-02-13,1,,,0
INCSTM,79,0811-000,JLAPINGTON,2017-02-21,1,,,0
INCSTM,28,2000-000,SGOSS,2016-02-13,1,,,0
INCSTM,28,2000-100,SGOSS,2016-02-13,1,,,0
INCSTM,21,0489-02H,SGOSS,2016-02-13,1,,,0
BALSHT,38,0400-000,SGOSS,2016-02-13,1,,,0
INCSTM,27,0683-00C,SGOSS,2016-02-13,1,,,0
INCSTM,27,0600-000,SGOSS,2016-02-13,1,,,0
INCSTM,34,0999-060,SGOSS,2016-02-13,1,,,0
INCSTM,32,0940-000,SGOSS,2016-02-13,1,,,0
INCSTM,31,0940-010,SGOSS,2016-02-13,1,,,0
INCSTM,30,0940-020,SGOSS,2016-02-13,1,,,0
INCSTM,79,0812-000,JLAPINGTON,2017-02-21,1,,,0
INCSTM,79,0813-000,JLAPINGTON,2017-02-21,1,,,0
INCSTM,79,0814-000,JLAPINGTON,2017-02-21,1,,,0
INCSTM,79,0815-000,JLAPINGTON,2017-02-21,1,,,0
INCSTM,79,0816-000,JLAPINGTON,2017-02-21,1,,,0
INCSTM,79,0817-000,JLAPINGTON,2017-02-21,1,,,0
INCSTM,79,0817-005,JLAPINGTON,2017-02-21,1,,,0
INCSTM,79,0817-010,JLAPINGTON,2017-02-21,1,,,0
INCSTM,79,0817-015,JLAPINGTON,2017-02-21,1,,,0
INCSTM,79,0817-020,JLAPINGTON,2017-02-21,1,,,0
INCSTM,79,0817-025,JLAPINGTON,2017-02-21,1,,,0
INCSTM,79,0818-000,JLAPINGTON,2017-02-21,1,,,0
INCSTM,79,0819-000,JLAPINGTON,2017-02-21,1,,,0
INCSTM,79,0820-000,JLAPINGTON,2017-02-21,1,,,0
INCSTM,79,0821-000,JLAPINGTON,2017-02-21,1,,,0
INCSTM,79,0822-000,JLAPINGTON,2017-02-21,1,,,0
INCSTM,79,0824-000,JLAPINGTON,2017-02-21,1,,,0
INCSTM,79,0825-000,JLAPINGTON,2017-02-21,1,,,0
INCSTM,79,0826-000,JLAPINGTON,2017-02-21,1,,,0
INCSTM,79,0830-000,JLAPINGTON,2017-02-21,1,,,0
INCSTM,79,0832-000,JLAPINGTON,2017-02-21,1,,,0
INCSTM,79,0834-000,JLAPINGTON,2017-02-21,1,,,0
INCSTM,79,0836-000,JLAPINGTON,2017-02-21,1,,,0
INCSTM,25,0583-10M,SGOSS,2016-02-13,1,,,0
INCSTM,25,0583-10F,SGOSS,2016-02-13,1,,,0
INCSTM,25,0571-100,SGOSS,2016-02-13,1,,,0
INCSTM,25,0521-100,SGOSS,2016-02-13,1,,,0
INCSTM,24,0583-00M,SGOSS,2016-02-13,1,,,0
INCSTM,24,0583-00F,SGOSS,2016-02-13,1,,,0
INCSTM,24,0572-000,SGOSS,2016-02-13,1,,,0
INCSTM,24,0571-000,SGOSS,2016-02-13,1,,,0
INCSTM,24,0570-000,SGOSS,2016-02-13,1,,,0
INCSTM,24,0563-000,SGOSS,2016-02-13,1,,,0
INCSTM,24,0562-000,SGOSS,2016-02-13,1,,,0
INCSTM,24,0561-000,SGOSS,2016-02-13,1,,,0
INCSTM,24,0560-000,SGOSS,2016-02-13,1,,,0
INCSTM,24,0559-000,SGOSS,2016-02-13,1,,,0
INCSTM,24,0555-000,SGOSS,2016-02-13,1,,,0
INCSTM,24,0550-000,SGOSS,2016-02-13,1,,,0
INCSTM,9,1040-005,SGOSS,2016-02-13,1,,,0
INCSTM,8,1040-000,SGOSS,2016-02-13,1,,,0
INCSTM,7,1010-000,SGOSS,2016-02-13,1,,,0
INCSTM,5,1000-100,SGOSS,2016-02-13,1,,,0
INCSTM,4,1000-000,SGOSS,2016-02-13,1,,,0
INCSTM,2,0300-000,SGOSS,2016-02-13,1,,,0
INCSTM,21,0440-000,SGOSS,2016-02-13,1,,,0
INCSTM,25,0500-100,SGOSS,2016-02-13,1,,,0
INCSTM,25,0505-100,SGOSS,2016-02-13,1,,,0
INCSTM,25,0516-100,SGOSS,2016-02-13,1,,,0
INCSTM,25,0518-100,SGOSS,2016-02-13,1,,,0
INCSTM,25,0520-100,SGOSS,2016-02-13,1,,,0
INCSTM,25,0540-100,SGOSS,2016-02-13,1,,,0
INCSTM,25,0534-100,SGOSS,2016-02-13,1,,,0
INCSTM,25,0532-100,SGOSS,2016-02-13,1,,,0
INCSTM,25,0530-100,SGOSS,2016-02-13,1,,,0
INCSTM,25,0526-100,SGOSS,2016-02-13,1,,,0
INCSTM,25,0525-100,SGOSS,2016-02-13,1,,,0
INCSTM,25,0524-100,SGOSS,2016-02-13,1,,,0
INCSTM,25,0522-100,SGOSS,2016-02-13,1,,,0
INCSTM,25,0559-100,SGOSS,2016-02-13,1,,,0
INCSTM,25,0555-100,SGOSS,2016-02-13,1,,,0
INCSTM,25,0550-100,SGOSS,2016-02-13,1,,,0
INCSTM,25,0549-100,SGOSS,2016-02-13,1,,,0
INCSTM,25,0547-100,SGOSS,2016-02-13,1,,,0
INCSTM,25,0546-100,SGOSS,2016-02-13,1,,,0
INCSTM,25,0545-100,SGOSS,2016-02-13,1,,,0
INCSTM,25,0544-100,SGOSS,2016-02-13,1,,,0
INCSTM,25,0542-100,SGOSS,2016-02-13,1,,,0
INCSTM,25,0572-100,SGOSS,2016-02-13,1,,,0
INCSTM,25,0570-100,SGOSS,2016-02-13,1,,,0
INCSTM,25,0563-100,SGOSS,2016-02-13,1,,,0
INCSTM,25,0562-100,SGOSS,2016-02-13,1,,,0
INCSTM,25,0561-100,SGOSS,2016-02-13,1,,,0
INCSTM,25,0560-100,SGOSS,2016-02-13,1,,,0
INCSTM,25,0519-100,SGOSS,2016-02-13,1,,,0
INCSTM,25,0517-100,SGOSS,2016-02-13,1,,,0
INCSTM,25,0515-100,SGOSS,2016-02-13,1,,,0
INCSTM,25,0511-100,SGOSS,2016-02-13,1,,,0
INCSTM,25,0512-100,SGOSS,2016-02-13,1,,,0
INCSTM,25,0513-100,SGOSS,2016-02-13,1,,,0
INCSTM,25,0508-100,SGOSS,2016-02-13,1,,,0
INCSTM,21,0410-000,SGOSS,2016-02-13,1,,,0
INCSTM,27,0683-00A,SGOSS,2016-02-13,1,,,0
INCSTM,21,0441-000,SGOSS,2016-02-13,1,,,0
INCSTM,21,0400-000,SGOSS,2016-02-13,1,,,0
INCSTM,27,EMSC-MTH,JLAPINGTON,2017-02-21,1,,,0
INCSTM,27,FCSC-MTH,JLAPINGTON,2017-02-21,1,,,0
INCSTM,27,HRSC-MTH,JLAPINGTON,2017-02-21,1,,,0
INCSTM,27,ITSC-MTH,JLAPINGTON,2017-02-21,1,,,0
INCSTM,24,MJFC-OCS,JLAPINGTON,2017-08-09,1,,,0
INCSTM,24,MJIT-OCS,JLAPINGTON,2017-08-09,1,,,0
INCSTM,29,CFRS-300,SGOSS,2016-02-13,1,,,0
INCSTM,29,CFRS-310,SGOSS,2016-02-13,1,,,0
INCSTM,24,MJRC-OCS,JLAPINGTON,2017-08-09,1,,,0
INCSTM,25,MJAC-OIT,JLAPINGTON,2017-08-09,1,,,0
INCSTM,25,MJBD-OIT,JLAPINGTON,2017-08-09,1,,,0
INCSTM,25,MJCN-OIT,JLAPINGTON,2017-08-09,1,,,0
INCSTM,25,MJEM-OIT,JLAPINGTON,2017-08-09,1,,,0
INCSTM,25,MJFC-OIT,JLAPINGTON,2017-08-09,1,,,0
INCSTM,25,MJHR-OIT,JLAPINGTON,2017-08-09,1,,,0
INCSTM,25,MJIT-OIT,JLAPINGTON,2017-08-09,1,,,0
INCSTM,21,0475-000,SGOSS,2016-02-13,1,,,0
BALSHT,38,0475-000,SGOSS,2016-02-13,1,,,0
INCSTM,7,1010-010,SGOSS,2016-02-13,1,,,0
INCSTM,24,0517-005,SGOSS,2016-02-13,1,,,0
BALSHT,38,0517-110,SGOSS,2016-02-13,1,,,0
BALSHT,38,1010-010,SGOSS,2016-02-13,1,,,0
BALSHT,38,1010-005,SGOSS,2016-02-13,1,,,0
BALSHT,38,0817-010,SGOSS,2016-02-13,1,,,0
BALSHT,38,0517-005,SGOSS,2016-02-13,1,,,0
BALSHT,38,0517-010,SGOSS,2016-02-13,1,,,0
BALSHT,38,0517-105,SGOSS,2016-02-13,1,,,0
BALSHT,38,0817-005,SGOSS,2016-02-13,1,,,0
INCSTM,108,1020-000,SGOSS,2016-02-13,1,,,0
INCSTM,7,1010-999,SGOSS,2016-02-13,1,,,0
BALSHT,38,0899-00P,SGOSS,2016-02-13,1,,,0
BALSHT,38,0864-000,SGOSS,2016-02-13,1,,,0
INCSTM,24,0564-000,SGOSS,2016-02-13,1,,,0
BALSHT,38,0564-000,SGOSS,2016-02-13,1,,,0
BALSHT,38,0564-100,SGOSS,2016-02-13,1,,,0
INCSTM,25,0564-100,SGOSS,2016-02-13,1,,,0
INCSTM,15,1100-999,SGOSS,2016-02-13,1,,,0
BALSHT,38,1100-999,SGOSS,2016-02-13,1,,,0
BALSHT,13,0150-050,SGOSS,2016-02-13,1,,,0
BALSHT,15,0150-060,SGOSS,2016-02-13,1,,,0
BALSHT,38,0541-100,SGOSS,2016-02-13,1,,,0
BALSHT,38,0579-000,SGOSS,2016-02-13,1,,,0
BALSHT,38,0999-170,SGOSS,2016-02-13,1,,,0
BALSHT,38,0874-000,SGOSS,2016-02-13,1,,,0
BALSHT,38,0879-000,SGOSS,2016-02-13,1,,,0
BALSHT,38,0999-140,SGOSS,2016-02-13,1,,,0
BALSHT,38,0541-000,SGOSS,2016-02-13,1,,,0
BALSHT,38,0517-115,SGOSS,2016-02-13,1,,,0
BALSHT,38,0517-015,SGOSS,2016-02-13,1,,,0
BALSHT,38,0999-150,SGOSS,2016-02-13,1,,,0
BALSHT,38,2020-020,SGOSS,2016-02-13,1,,,0
BALSHT,38,2020-015,SGOSS,2016-02-13,1,,,0
BALSHT,38,2020-010,SGOSS,2016-02-13,1,,,0
BALSHT,38,2020-005,SGOSS,2016-02-13,1,,,0
BALSHT,38,1020-020,SGOSS,2016-02-13,1,,,0
BALSHT,38,1020-015,SGOSS,2016-02-13,1,,,0
BALSHT,38,1020-010,SGOSS,2016-02-13,1,,,0
BALSHT,38,1020-005,SGOSS,2016-02-13,1,,,0
BALSHT,38,0999-180,SGOSS,2016-02-13,1,,,0
BALSHT,38,0999-160,SGOSS,2016-02-13,1,,,0
BALSHT,38,0579-100,SGOSS,2016-02-13,1,,,0
INCSTM,108,1020-015,SGOSS,2016-02-13,1,,,0
INCSTM,108,1020-005,SGOSS,2016-02-13,1,,,0
INCSTM,108,1020-020,SGOSS,2016-02-13,1,,,0
INCSTM,108,1020-010,SGOSS,2016-02-13,1,,,0
INCSTM,109,1100-010,SGOSS,2016-02-13,1,,,0
INCSTM,24,0541-000,SGOSS,2016-02-13,1,,,0
INCSTM,24,0579-000,SGOSS,2016-02-13,1,,,0
INCSTM,24,0517-015,SGOSS,2016-02-13,1,,,0
INCSTM,25,0517-115,SGOSS,2016-02-13,1,,,0
INCSTM,25,0541-100,SGOSS,2016-02-13,1,,,0
INCSTM,25,0579-100,SGOSS,2016-02-13,1,,,0
INCSTM,81,0999-120,SGOSS,2016-02-13,1,,,0
INCSTM,81,0999-170,SGOSS,2016-02-13,1,,,0
INCSTM,81,0999-180,SGOSS,2016-02-13,1,,,0
INCSTM,106,0999-140,SGOSS,2016-02-13,1,,,0
INCSTM,78,0999-160,SGOSS,2016-02-13,1,,,0
INCSTM,80,0999-150,SGOSS,2016-02-13,1,,,0
INCSTM,28,2020-010,SGOSS,2016-02-13,1,,,0
INCSTM,28,2020-020,SGOSS,2016-02-13,1,,,0
INCSTM,28,2020-015,SGOSS,2016-02-13,1,,,0
INCSTM,28,2020-005,SGOSS,2016-02-13,1,,,0
INCSTM,25,0590-100,SGOSS,2016-02-13,1,,,0
BALSHT,38,1040-010,SGOSS,2016-02-13,1,,,0
INCSTM,7,1010-030,SGOSS,2016-02-13,1,,,0
INCSTM,112,1025-000,SGOSS,2016-02-13,1,,,0
INCSTM,111,1040-010,SGOSS,2016-02-13,1,,,0
INCSTM,21,0468-000,SGOSS,2016-02-13,1,,,0
INCSTM,24,0517-020,SGOSS,2016-02-13,1,,,0
INCSTM,24,0517-025,SGOSS,2016-02-13,1,,,0
INCSTM,25,0517-125,SGOSS,2016-02-13,1,,,0
INCSTM,25,0517-120,SGOSS,2016-02-13,1,,,0
INCSTM,28,2010-030,SGOSS,2016-02-13,1,,,0
INCSTM,28,2010-025,SGOSS,2016-02-13,1,,,0
INCSTM,28,2010-020,SGOSS,2016-02-13,1,,,0
INCSTM,28,2010-015,SGOSS,2016-02-13,1,,,0
INCSTM,28,2010-005,SGOSS,2016-02-13,1,,,0
BALSHT,28,0205-010,SGOSS,2016-02-13,1,,,0
BALSHT,28,0205-005,SGOSS,2016-02-13,1,,,0
BALSHT,38,0517-025,SGOSS,2016-02-13,1,,,0
BALSHT,38,0517-120,SGOSS,2016-02-13,1,,,0
BALSHT,38,0517-125,SGOSS,2016-02-13,1,,,0
BALSHT,38,0590-100,SGOSS,2016-02-13,1,,,0
BALSHT,38,0817-015,SGOSS,2016-02-13,1,,,0
BALSHT,38,0817-020,SGOSS,2016-02-13,1,,,0
BALSHT,38,0817-025,SGOSS,2016-02-13,1,,,0
BALSHT,38,1010-030,SGOSS,2016-02-13,1,,,0
BALSHT,38,1025-000,SGOSS,2016-02-13,1,,,0
BALSHT,38,2010-020,SGOSS,2016-02-13,1,,,0
BALSHT,38,2010-015,SGOSS,2016-02-13,1,,,0
BALSHT,38,2010-005,SGOSS,2016-02-13,1,,,0
BALSHT,38,0517-020,SGOSS,2016-02-13,1,,,0
BALSHT,38,0468-000,SGOSS,2016-02-13,1,,,0
BALSHT,38,2010-025,SGOSS,2016-02-13,1,,,0
BALSHT,38,2010-030,SGOSS,2016-02-13,1,,,0
BALSHT,38,0583-10R,SGOSS,2016-02-13,1,,,0
INCSTM,25,0583-10R,SGOSS,2016-02-13,1,,,0
BALSHT,1,0100-000,JLAPINGTON,2016-02-25,1,,,0
BALSHT,1,0100-010,LWORTMAN,2016-02-25,1,,,0
INCSTM,79,0840-000,JLAPINGTON,2017-02-21,1,,,0
BALSHT,38,0899-00I,SGOSS,2016-02-27,1,,,0
INCSTM,28,0783-00I,SGOSS,2016-02-27,1,,,0
BALSHT,38,0783-00I,SGOSS,2016-02-27,1,,,0
INCSTM,79,0841-000,JLAPINGTON,2017-02-21,1,,,0
BALSHT,38,0800-001,SGOSS,2016-02-27,1,,,0
INCSTM,79,0842-000,JLAPINGTON,2017-02-21,1,,,0
BALSHT,38,0810-00I,SGOSS,2016-02-27,1,,,0
INCSTM,79,0844-000,JLAPINGTON,2017-02-21,1,,,0
BALSHT,38,0883-00I,SGOSS,2016-02-27,1,,,0
INCSTM,25,0583-10D,SGOSS,2016-02-28,1,,,0
BALSHT,38,0583-10D,SGOSS,2016-02-28,1,,,0
INCSTM,27,0683-00M,SGOSS,2016-02-28,1,,,0
BALSHT,38,0683-00M,SGOSS,2016-02-28,1,,,0
INCSTM,28,0783-00F,SGOSS,2016-02-28,1,,,0
BALSHT,38,0783-00F,SGOSS,2016-02-28,1,,,0
INCSTM,79,0845-000,JLAPINGTON,2017-02-21,1,,,0
BALSHT,38,0899-00D,SGOSS,2016-02-28,1,,,0
INCSTM,79,0846-000,JLAPINGTON,2017-02-21,1,,,0
INCSTM,79,0847-000,JLAPINGTON,2017-02-21,1,,,0
INCSTM,79,0850-000,JLAPINGTON,2017-02-21,1,,,0
INCSTM,79,0855-000,JLAPINGTON,2017-02-21,1,,,0
INCSTM,79,0858-000,JLAPINGTON,2017-02-21,1,,,0
INCSTM,20,1299-015,JLAPINGTON,2017-03-01,1,,,0
BALSHT,38,1299-015,JLAPINGTON,2017-03-01,1,,,0
INCSTM,79,0859-000,JLAPINGTON,2017-02-21,1,,,0
INCSTM,79,0860-000,JLAPINGTON,2017-02-21,1,,,0
INCSTM,79,0861-000,JLAPINGTON,2017-02-21,1,,,0
INCSTM,79,0862-000,JLAPINGTON,2017-02-21,1,,,0
INCSTM,79,0863-000,JLAPINGTON,2017-02-21,1,,,0
INCSTM,79,0864-000,JLAPINGTON,2017-02-21,1,,,0
INCSTM,25,MJPR-OIT,JLAPINGTON,2017-08-09,1,,,0
INCSTM,79,0870-000,JLAPINGTON,2017-02-21,1,,,0
INCSTM,79,0871-000,JLAPINGTON,2017-02-21,1,,,0
INCSTM,27,ACSC-MTH,JLAPINGTON,2017-02-21,1,,,0
INCSTM,27,BDSC-MTH,JLAPINGTON,2017-02-21,1,,,0
INCSTM,27,CNSC-MTH,JLAPINGTON,2017-02-21,1,,,0
INCSTM,25,MJRC-OIT,JLAPINGTON,2017-08-09,1,,,0
INCSTM,27,MJAC-MTH,JLAPINGTON,2017-08-09,1,,,0
INCSTM,79,0872-000,JLAPINGTON,2017-02-21,1,,,0
INCSTM,79,0873-000,JLAPINGTON,2017-02-21,1,,,0
INCSTM,27,MJBD-MTH,JLAPINGTON,2017-08-09,1,,,0
INCSTM,79,0874-000,JLAPINGTON,2017-02-21,1,,,0
INCSTM,79,0879-000,JLAPINGTON,2017-02-21,1,,,0
INCSTM,79,0883-000,JLAPINGTON,2017-02-21,1,,,0
INCSTM,79,0883-00A,JLAPINGTON,2017-02-21,1,,,0
INCSTM,79,0883-00B,JLAPINGTON,2017-02-21,1,,,0
INCSTM,27,MJCN-MTH,JLAPINGTON,2017-08-09,1,,,0
INCSTM,27,MJEM-MTH,JLAPINGTON,2017-08-09,1,,,0
INCSTM,79,0883-00C,JLAPINGTON,2017-02-21,1,,,0
INCSTM,79,0883-00E,JLAPINGTON,2017-02-21,1,,,0
INCSTM,79,0883-00H,JLAPINGTON,2017-02-21,1,,,0
INCSTM,79,0883-00I,JLAPINGTON,2017-02-21,1,,,0
INCSTM,79,0883-00M,JLAPINGTON,2017-02-21,1,,,0
INCSTM,27,MJFC-MTH,JLAPINGTON,2017-08-09,1,,,0
INCSTM,79,0883-00Q,JLAPINGTON,2017-02-21,1,,,0
INCSTM,79,0883-00R,JLAPINGTON,2017-02-21,1,,,0
BALSHT,34,0280-000,49301.ISMAIL.MARMAR,2016-03-11,1,,,0
BALSHT,28,0295-000,49301.ISMAIL.MARMAR,2016-03-11,1,,,0
BALSHT,2,0110-000,49301.ISMAIL.MARMAR,2016-03-28,1,,,0
BALSHT,3,0110-005,49301.ISMAIL.MARMAR,2016-03-28,1,,,0
BALSHT,4,0110-015,49301.ISMAIL.MARMAR,2016-03-28,1,,,0
INCSTM,79,0890-000,JLAPINGTON,2017-02-21,1,,,0
INCSTM,79,0899-00A,JLAPINGTON,2017-02-21,1,,,0
BALSHT,4,0110-020,49301.ISMAIL.MARMAR,2016-03-28,1,,,0
BALSHT,4,0110-025,49301.ISMAIL.MARMAR,2016-03-28,1,,,0
BALSHT,4,0110-030,49301.ISMAIL.MARMAR,2016-03-28,1,,,0
BALSHT,4,0110-035,49301.ISMAIL.MARMAR,2016-03-28,1,,,0
BALSHT,4,0110-040,49301.ISMAIL.MARMAR,2016-03-28,1,,,0
BALSHT,25,0220-0VT,LWORTMAN,2016-05-20,1,,,0
BALSHT,25,0220-0VA,LWORTMAN,2016-05-20,1,,,0
BALSHT,25,0220-0SC,LWORTMAN,2016-05-20,1,,,0
BALSHT,25,0220-0UT,LWORTMAN,2016-05-20,1,,,0
BALSHT,25,0220-0WV,49301.ISMAIL.MARMAR,2016-05-20,1,,,0
BALSHT,25,0220-0CO,LWORTMAN,2016-05-23,1,,,0
BALSHT,25,0220-0WI,49301.ISMAIL.MARMAR,2016-05-23,1,,,0
INCSTM,20,1299-005,BADAWII,2016-06-11,1,,,0
BALSHT,38,1299-005,BADAWII,2016-06-11,1,,,0
INCSTM,20,1299-010,BADAWII,2016-06-11,1,,,0
BALSHT,38,1299-010,BADAWII,2016-06-11,1,,,0
BALSHT,1,0100-005,49301.ISMAIL.MARMAR,2016-10-19,1,,,0
INCSTM,21,0408-000,49301.ISMAIL.MARMAR,2016-10-19,1,,,0
INCSTM,21,0423-000,49301.ISMAIL.MARMAR,2016-10-19,1,,,0
INCSTM,21,0432-000,49301.ISMAIL.MARMAR,2016-10-19,1,,,0
INCSTM,21,0462-000,49301.ISMAIL.MARMAR,2016-10-19,1,,,0
INCSTM,21,0473-000,49301.ISMAIL.MARMAR,2016-10-19,1,,,0
INCSTM,24,0590-000,49301.ISMAIL.MARMAR,2016-10-19,1,,,0
INCSTM,25,0536-100,49301.ISMAIL.MARMAR,2016-10-19,1,,,0
INCSTM,81,0997-000,49301.ISMAIL.MARMAR,2016-10-19,1,,,0
INCSTM,81,0998-000,49301.ISMAIL.MARMAR,2016-10-19,1,,,0
INCSTM,81,0999-070,49301.ISMAIL.MARMAR,2016-10-19,1,,,0
INCSTM,81,0999-080,49301.ISMAIL.MARMAR,2016-10-19,1,,,0
INCSTM,81,0999-090,49301.ISMAIL.MARMAR,2016-10-19,1,,,0
INCSTM,81,0999-100,49301.ISMAIL.MARMAR,2016-10-19,1,,,0
INCSTM,81,0999-110,49301.ISMAIL.MARMAR,2016-10-19,1,,,0
INCSTM,81,0999-130,49301.ISMAIL.MARMAR,2016-10-19,1,,,0
INCSTM,7,1010-015,49301.ISMAIL.MARMAR,2016-10-19,1,,,0
INCSTM,7,1010-020,49301.ISMAIL.MARMAR,2016-10-19,1,,,0
INCSTM,7,1010-025,49301.ISMAIL.MARMAR,2016-10-19,1,,,0
INCSTM,29,FRNG-DLI,JLAPINGTON,2016-11-21,1,,,0
BALSHT,38,FRNG-DLI,JLAPINGTON,2016-11-21,1,,,0
INCSTM,29,FRNG-BPC,JLAPINGTON,2016-11-21,1,,,0
BALSHT,38,FRNG-BPC,JLAPINGTON,2016-11-21,1,,,0
INCSTM,29,FRNG-BPI,JLAPINGTON,2016-11-21,1,,,0
BALSHT,38,FRNG-BPI,JLAPINGTON,2016-11-21,1,,,0
INCSTM,29,FRNG-OCS,JLAPINGTON,2016-11-21,1,,,0
BALSHT,38,FRNG-OCS,JLAPINGTON,2016-11-21,1,,,0
INCSTM,24,0583-00R,JLAPINGTON,2017-02-22,1,,,0
BALSHT,38,MJHR-CRX,JLAPINGTON,2016-11-22,1,,,0
INCSTM,29,FRNG-SVC,JLAPINGTON,2016-11-21,1,,,0
BALSHT,38,FRNG-SVC,JLAPINGTON,2016-11-21,1,,,0
INCSTM,29,MTHD-CRX,JLAPINGTON,2017-02-22,1,,,0
BALSHT,38,MJIT-CRX,JLAPINGTON,2016-11-22,1,,,0
INCSTM,79,0899-00B,JLAPINGTON,2017-02-21,1,,,0
INCSTM,79,0899-00C,JLAPINGTON,2017-02-21,1,,,0
INCSTM,29,ACSC-OCS,JLAPINGTON,2016-11-21,1,,,0
BALSHT,38,ACSC-OCS,JLAPINGTON,2016-11-21,1,,,0
INCSTM,29,MTHD-DIR,JLAPINGTON,2017-02-22,1,,,0
BALSHT,38,ACSC-MTH,JLAPINGTON,2016-11-21,1,,,0
INCSTM,29,ACSC-GNA,JLAPINGTON,2016-11-21,1,,,0
BALSHT,38,ACSC-GNA,JLAPINGTON,2016-11-21,1,,,0
INCSTM,79,0899-00D,JLAPINGTON,2017-02-21,1,,,0
INCSTM,79,0899-00E,JLAPINGTON,2017-02-21,1,,,0
INCSTM,29,ACSC-OIT,JLAPINGTON,2016-11-21,1,,,0
BALSHT,38,ACSC-OIT,JLAPINGTON,2016-11-21,1,,,0
INCSTM,29,CNSC-GNA,JLAPINGTON,2016-11-21,1,,,0
BALSHT,38,CNSC-GNA,JLAPINGTON,2016-11-21,1,,,0
INCSTM,29,PRSC-MTH,JLAPINGTON,2017-02-22,1,,,0
BALSHT,38,CNSC-MTH,JLAPINGTON,2016-11-21,1,,,0
INCSTM,29,CNSC-OCS,JLAPINGTON,2016-11-21,1,,,0
BALSHT,38,CNSC-OCS,JLAPINGTON,2016-11-21,1,,,0
INCSTM,29,CNSC-OIT,JLAPINGTON,2016-11-21,1,,,0
BALSHT,38,CNSC-OIT,JLAPINGTON,2016-11-21,1,,,0
INCSTM,79,0899-00F,JLAPINGTON,2017-02-21,1,,,0
INCSTM,79,0899-00H,JLAPINGTON,2017-02-21,1,,,0
INCSTM,29,EMSC-GNA,JLAPINGTON,2016-11-21,1,,,0
BALSHT,38,EMSC-GNA,JLAPINGTON,2016-11-21,1,,,0
INCSTM,29,RCSC-MTH,JLAPINGTON,2017-02-22,1,,,0
BALSHT,38,EMSC-MTH,JLAPINGTON,2016-11-21,1,,,0
INCSTM,29,EMSC-OCS,JLAPINGTON,2016-11-21,1,,,0
BALSHT,38,EMSC-OCS,JLAPINGTON,2016-11-21,1,,,0
INCSTM,29,EMSC-OIT,JLAPINGTON,2016-11-21,1,,,0
BALSHT,38,EMSC-OIT,JLAPINGTON,2016-11-21,1,,,0
INCSTM,79,0899-00I,JLAPINGTON,2017-02-21,1,,,0
INCSTM,79,0899-00M,JLAPINGTON,2017-02-21,1,,,0
INCSTM,29,FCSC-GNA,JLAPINGTON,2016-11-21,1,,,0
BALSHT,38,FCSC-GNA,JLAPINGTON,2016-11-21,1,,,0
INCSTM,27,MJHR-MTH,JLAPINGTON,2017-08-09,1,,,0
BALSHT,38,FCSC-MTH,JLAPINGTON,2016-11-21,1,,,0
INCSTM,29,FCSC-OCS,JLAPINGTON,2016-11-21,1,,,0
INCSTM,29,FRNG-DLC,JLAPINGTON,2016-11-18,1,,,0
BALSHT,38,FRNG-DLC,JLAPINGTON,2016-11-18,1,,,0
INCSTM,79,0810-00C,JLAPINGTON,2017-02-21,1,,,0
INCSTM,79,0899-00P,JLAPINGTON,2017-02-21,1,,,0
INCSTM,79,0899-00R,JLAPINGTON,2017-02-21,1,,,0
INCSTM,24,MJHR-OCS,JLAPINGTON,2017-08-09,1,,,0
INCSTM,27,MJIT-MTH,JLAPINGTON,2017-08-09,1,,,0
INCSTM,27,MJPR-MTH,JLAPINGTON,2017-08-09,1,,,0
INCSTM,27,MJRC-MTH,JLAPINGTON,2017-08-09,1,,,0
INCSTM,28,MJAC-GNA,JLAPINGTON,2017-08-09,1,,,0
INCSTM,28,MJBD-GNA,JLAPINGTON,2017-08-09,1,,,0
INCSTM,28,MJCN-GNA,JLAPINGTON,2017-08-09,1,,,0
INCSTM,28,MJEM-GNA,JLAPINGTON,2017-08-09,1,,,0
INCSTM,28,MJFC-GNA,JLAPINGTON,2017-08-09,1,,,0
INCSTM,28,MJHR-GNA,JLAPINGTON,2017-08-09,1,,,0
BALSHT,5,0120-000,JLAPINGTON,2017-02-28,1,,,0
BALSHT,5,0120-010,JLAPINGTON,2017-02-28,1,,,0
BALSHT,5,0120-020,JLAPINGTON,2017-02-28,1,,,0
BALSHT,5,0120-030,JLAPINGTON,2017-02-28,1,,,0
BALSHT,8,0150-000,JLAPINGTON,2017-02-28,1,,,0
BALSHT,8,0160-000,JLAPINGTON,2017-02-28,1,,,0
BALSHT,9,0150-010,JLAPINGTON,2017-02-28,1,,,0
BALSHT,9,0160-010,JLAPINGTON,2017-02-28,1,,,0
BALSHT,10,0150-020,JLAPINGTON,2017-02-28,1,,,0
INCSTM,28,MJIT-GNA,JLAPINGTON,2017-08-09,1,,,0
INCSTM,28,MJPR-GNA,JLAPINGTON,2017-08-09,1,,,0
INCSTM,28,MJRC-GNA,JLAPINGTON,2017-08-09,1,,,0
BALSHT,33,0275-010,49301.ISMAIL.MARMAR,2017-10-12,1,,,0
BALSHT,1,0100-030,49301.ISMAIL.MARMAR,2017-11-28,1,,,0
INCSTM,21,0436-000,JLAPINGTON,2018-01-24,1,,,0
BALSHT,38,0436-000,JLAPINGTON,2018-01-24,1,,,0
INCSTM,21,0437-000,JLAPINGTON,2018-01-24,1,,,0
BALSHT,38,0437-000,JLAPINGTON,2018-01-24,1,,,0
BALSHT,25,0210-044,49301.ISMAIL.MARMAR,2018-01-31,1,,,0
BALSHT,10,0160-020,JLAPINGTON,2017-02-28,1,,,0
BALSHT,11,0150-030,JLAPINGTON,2017-02-28,1,,,0
BALSHT,11,0160-030,JLAPINGTON,2017-02-28,1,,,0
BALSHT,12,0150-040,JLAPINGTON,2017-02-28,1,,,0
BALSHT,12,0160-040,JLAPINGTON,2017-02-28,1,,,0
BALSHT,38,0820-000,JLAPINGTON,2017-02-28,1,,,0
BALSHT,1,0100-015,JLAPINGTON,2017-02-28,1,,,0
BALSHT,1,0100-020,JLAPINGTON,2017-02-28,1,,,0
BALSHT,1,0100-025,JLAPINGTON,2017-02-28,1,,,0
INCSTM,28,2020-018,BADAWII,2018-03-09,1,,,0
BALSHT,38,2020-018,BADAWII,2018-03-09,1,,,0
INCSTM,79,MJAC-CRX,JLAPINGTON,2017-02-21,1,,,0
INCSTM,79,MJBD-CRX,JLAPINGTON,2017-02-21,1,,,0
INCSTM,79,MJCN-CRX,JLAPINGTON,2017-02-21,1,,,0
INCSTM,79,MJEM-CRX,JLAPINGTON,2017-02-21,1,,,0
INCSTM,79,MJFC-CRX,JLAPINGTON,2017-02-21,1,,,0
INCSTM,79,MJHR-CRX,JLAPINGTON,2017-02-21,1,,,0
INCSTM,79,MJIT-CRX,JLAPINGTON,2017-02-21,1,,,0
INCSTM,79,MJPR-CRX,JLAPINGTON,2017-02-21,1,,,0
INCSTM,79,MJRC-CRX,JLAPINGTON,2017-02-21,1,,,0
INCSTM,24,0536-000,JLAPINGTON,2017-02-21,1,,,0
INCSTM,81,0998-010,JLAPINGTON,2017-02-21,1,,,0
INCSTM,81,0999-000,JLAPINGTON,2017-02-21,1,,,0
INCSTM,81,0999-010,JLAPINGTON,2017-02-21,1,,,0
INCSTM,81,0999-020,JLAPINGTON,2017-02-21,1,,,0
INCSTM,81,0999-030,JLAPINGTON,2017-02-21,1,,,0
INCSTM,81,0999-040,JLAPINGTON,2017-02-21,1,,,0
INCSTM,81,0999-050,JLAPINGTON,2017-02-21,1,,,0
INCSTM,29,DFRB-010,JLAPINGTON,2017-02-21,1,,,0
INCSTM,29,DFRB-011,JLAPINGTON,2017-02-21,1,,,0
INCSTM,29,DFRB-100,JLAPINGTON,2017-02-21,1,,,0
INCSTM,29,DFRB-101,JLAPINGTON,2017-02-21,1,,,0
INCSTM,29,DFRB-110,JLAPINGTON,2017-02-21,1,,,0
INCSTM,29,DFRB-111,JLAPINGTON,2017-02-21,1,,,0
INCSTM,29,DFRD-010,JLAPINGTON,2017-02-21,1,,,0
INCSTM,29,DFRD-011,JLAPINGTON,2017-02-21,1,,,0
INCSTM,29,DFRD-100,JLAPINGTON,2017-02-21,1,,,0
INCSTM,29,DFRD-101,JLAPINGTON,2017-02-21,1,,,0
INCSTM,29,DFRD-110,JLAPINGTON,2017-02-21,1,,,0
INCSTM,29,DFRD-111,JLAPINGTON,2017-02-21,1,,,0
INCSTM,29,DFRG-100,JLAPINGTON,2017-02-21,1,,,0
INCSTM,29,DFRG-110,JLAPINGTON,2017-02-21,1,,,0
INCSTM,29,DFRG-111,JLAPINGTON,2017-02-21,1,,,0
INCSTM,29,DFRO-000,JLAPINGTON,2017-02-21,1,,,0
INCSTM,29,DFRO-001,JLAPINGTON,2017-02-21,1,,,0
INCSTM,29,DFRO-100,JLAPINGTON,2017-02-21,1,,,0
INCSTM,29,DFRO-101,JLAPINGTON,2017-02-21,1,,,0
INCSTM,29,DFRU-100,JLAPINGTON,2017-02-21,1,,,0
INCSTM,29,DFRU-101,JLAPINGTON,2017-02-21,1,,,0
INCSTM,29,DGNA-000,JLAPINGTON,2017-02-21,1,,,0
INCSTM,29,DOHB-120,JLAPINGTON,2017-02-21,1,,,0
INCSTM,29,DOHB-121,JLAPINGTON,2017-02-21,1,,,0
INCSTM,29,DOHD-120,JLAPINGTON,2017-02-21,1,,,0
INCSTM,29,DOHD-121,JLAPINGTON,2017-02-21,1,,,0
INCSTM,29,DSUB-000,JLAPINGTON,2017-02-21,1,,,0
BALSHT,38,FCSC-OCS,JLAPINGTON,2016-11-21,1,,,0
INCSTM,29,FCSC-OIT,JLAPINGTON,2016-11-21,1,,,0
BALSHT,38,FCSC-OIT,JLAPINGTON,2016-11-21,1,,,0
INCSTM,29,CFRG-100,JLAPINGTON,2017-02-21,1,,,0
INCSTM,29,CFRG-101,JLAPINGTON,2017-02-21,1,,,0
INCSTM,29,HRSC-GNA,JLAPINGTON,2016-11-21,1,,,0
BALSHT,38,HRSC-GNA,JLAPINGTON,2016-11-21,1,,,0
BALSHT,20,0135-010,49301.ISMAIL.MARMAR,2018-03-13,1,,,0
BALSHT,38,HRSC-MTH,JLAPINGTON,2016-11-21,1,,,0
INCSTM,29,HRSC-OCS,JLAPINGTON,2016-11-21,1,,,0
BALSHT,38,HRSC-OCS,JLAPINGTON,2016-11-21,1,,,0
INCSTM,29,HRSC-OIT,JLAPINGTON,2016-11-21,1,,,0
BALSHT,38,HRSC-OIT,JLAPINGTON,2016-11-21,1,,,0
INCSTM,29,CFRG-110,JLAPINGTON,2017-02-21,1,,,0
INCSTM,29,CFRG-111,JLAPINGTON,2017-02-21,1,,,0
INCSTM,29,ITSC-GNA,JLAPINGTON,2016-11-21,1,,,0
BALSHT,38,ITSC-GNA,JLAPINGTON,2016-11-21,1,,,0
INCSTM,28,2020-019,BADAWII,2018-03-26,1,,,0
BALSHT,38,ITSC-MTH,JLAPINGTON,2016-11-21,1,,,0
INCSTM,29,ITSC-OCS,JLAPINGTON,2016-11-21,1,,,0
BALSHT,38,ITSC-OCS,JLAPINGTON,2016-11-21,1,,,0
INCSTM,29,ITSC-OIT,JLAPINGTON,2016-11-21,1,,,0
BALSHT,38,ITSC-OIT,JLAPINGTON,2016-11-21,1,,,0
INCSTM,29,CFRO-350,JLAPINGTON,2017-02-21,1,,,0
INCSTM,29,CFRO-360,JLAPINGTON,2017-02-21,1,,,0
INCSTM,29,PRSC-GNA,JLAPINGTON,2016-11-21,1,,,0
BALSHT,38,PRSC-GNA,JLAPINGTON,2016-11-21,1,,,0
BALSHT,38,2020-019,BADAWII,2018-03-26,1,,,0
BALSHT,38,PRSC-MTH,JLAPINGTON,2016-11-21,1,,,0
INCSTM,29,PRSC-OCS,JLAPINGTON,2016-11-21,1,,,0
BALSHT,38,PRSC-OCS,JLAPINGTON,2016-11-21,1,,,0
INCSTM,29,PRSC-OIT,JLAPINGTON,2016-11-21,1,,,0
BALSHT,38,PRSC-OIT,JLAPINGTON,2016-11-21,1,,,0
INCSTM,29,CGNA-000,JLAPINGTON,2017-02-21,1,,,0
INCSTM,29,COHD-000,JLAPINGTON,2017-02-21,1,,,0
INCSTM,29,RCSC-GNA,JLAPINGTON,2016-11-21,1,,,0
BALSHT,38,RCSC-GNA,JLAPINGTON,2016-11-21,1,,,0
BALSHT,28,0205-015,49301.ISMAIL.MARMAR,2018-05-31,1,,,0
BALSHT,38,RCSC-MTH,JLAPINGTON,2016-11-21,1,,,0
INCSTM,29,RCSC-OCS,JLAPINGTON,2016-11-21,1,,,0
BALSHT,38,RCSC-OCS,JLAPINGTON,2016-11-21,1,,,0
INCSTM,29,RCSC-OIT,JLAPINGTON,2016-11-21,1,,,0
BALSHT,38,RCSC-OIT,JLAPINGTON,2016-11-21,1,,,0
INCSTM,29,COHD-100,JLAPINGTON,2017-02-21,1,,,0
INCSTM,29,CSUB-000,JLAPINGTON,2017-02-21,1,,,0
INCSTM,29,BDSC-GNA,JLAPINGTON,2016-11-21,1,,,0
BALSHT,38,BDSC-GNA,JLAPINGTON,2016-11-21,1,,,0
BALSHT,25,0220-0NY,SARGSYAND,2018-06-14,1,,,0
BALSHT,38,BDSC-MTH,JLAPINGTON,2016-11-21,1,,,0
INCSTM,29,BDSC-OCS,JLAPINGTON,2016-11-21,1,,,0
BALSHT,38,BDSC-OCS,JLAPINGTON,2016-11-21,1,,,0
INCSTM,29,BDSC-OIT,JLAPINGTON,2016-11-21,1,,,0
BALSHT,38,BDSC-OIT,JLAPINGTON,2016-11-21,1,,,0
INCSTM,29,FRNG-CRX,JLAPINGTON,2016-11-21,1,,,0
BALSHT,38,FRNG-CRX,JLAPINGTON,2016-11-21,1,,,0
INCSTM,29,OHIT-DIR,JLAPINGTON,2016-11-21,1,,,0
BALSHT,38,OHIT-DIR,JLAPINGTON,2016-11-21,1,,,0
INCSTM,29,OHIT-BNP,JLAPINGTON,2016-11-21,1,,,0
BALSHT,38,OHIT-BNP,JLAPINGTON,2016-11-21,1,,,0
INCSTM,29,GNAD-CRX,JLAPINGTON,2016-11-21,1,,,0
BALSHT,38,GNAD-CRX,JLAPINGTON,2016-11-21,1,,,0
INCSTM,29,OHCS-DIR,JLAPINGTON,2016-11-21,1,,,0
BALSHT,38,OHCS-DIR,JLAPINGTON,2016-11-21,1,,,0
INCSTM,29,OHCS-BNP,JLAPINGTON,2016-11-21,1,,,0
BALSHT,38,OHCS-BNP,JLAPINGTON,2016-11-21,1,,,0
INCSTM,25,MJB1-OIT,49301.RAJU.KARKI,2018-07-02,1,,,0
BALSHT,38,MTHD-DIR,JLAPINGTON,2016-11-21,1,,,0
BALSHT,38,MJB1-OIT,49301.RAJU.KARKI,2018-07-02,1,,,0
BALSHT,38,MTHD-CRX,JLAPINGTON,2016-11-21,1,,,0
INCSTM,29,GNAD-DIR,JLAPINGTON,2016-11-21,1,,,0
BALSHT,38,GNAD-DIR,JLAPINGTON,2016-11-21,1,,,0
INCSTM,29,OHCS-CRX,JLAPINGTON,2016-11-21,1,,,0
BALSHT,38,OHCS-CRX,JLAPINGTON,2016-11-21,1,,,0
INCSTM,29,FRNG-GNA,JLAPINGTON,2016-11-21,1,,,0
BALSHT,38,FRNG-GNA,JLAPINGTON,2016-11-21,1,,,0
INCSTM,29,OHIT-CRX,JLAPINGTON,2016-11-21,1,,,0
BALSHT,38,OHIT-CRX,JLAPINGTON,2016-11-21,1,,,0
INCSTM,29,FRNG-OIT,JLAPINGTON,2016-11-21,1,,,0
BALSHT,38,FRNG-OIT,JLAPINGTON,2016-11-21,1,,,0
INCSTM,28,MJB1-GNA,49301.RAJU.KARKI,2018-07-02,1,,,0
BALSHT,38,MJAC-CRX,JLAPINGTON,2016-11-22,1,,,0
BALSHT,38,MJB1-GNA,49301.RAJU.KARKI,2018-07-02,1,,,0
BALSHT,38,MJCN-CRX,JLAPINGTON,2016-11-22,1,,,0
INCSTM,27,MJB1-MTH,49301.RAJU.KARKI,2018-07-02,1,,,0
BALSHT,38,MJBD-CRX,JLAPINGTON,2016-11-22,1,,,0
BALSHT,38,MJB1-MTH,49301.RAJU.KARKI,2018-07-02,1,,,0
BALSHT,38,MJEM-CRX,JLAPINGTON,2016-11-22,1,,,0
BALSHT,38,MJFC-CRX,JLAPINGTON,2016-11-22,1,,,0
INCSTM,24,MJPR-OCS,JLAPINGTON,2017-08-09,1,,,0
BALSHT,38,MJPR-CRX,JLAPINGTON,2016-11-22,1,,,0
INCSTM,28,2020-025,BADAWII,2018-01-30,1,,,0
BALSHT,38,MJRC-CRX,JLAPINGTON,2016-11-22,1,,,0
BALSHT,38,2020-025,BADAWII,2018-01-30,1,,,0
BALSHT,38,MJAC-GNA,JLAPINGTON,2016-11-22,1,,,0
INCSTM,24,MJB1-OCS,49301.RAJU.KARKI,2018-07-02,1,,,0
BALSHT,38,MJAC-MTH,JLAPINGTON,2016-11-22,1,,,0
BALSHT,38,MJB1-OCS,49301.RAJU.KARKI,2018-07-02,1,,,0
BALSHT,38,MJAC-OCS,JLAPINGTON,2016-11-22,1,,,0
INCSTM,79,MJB1-CRX,49301.RAJU.KARKI,2018-07-02,1,,,0
BALSHT,38,MJAC-OIT,JLAPINGTON,2016-11-22,1,,,0
BALSHT,38,MJB1-CRX,49301.RAJU.KARKI,2018-07-02,1,,,0
BALSHT,38,MJCN-GNA,JLAPINGTON,2016-11-22,1,,,0
INCSIE,113,0300-000,49301.RAJU.KARKI,2018-09-23,1,,,0
BALSHT,38,MJCN-MTH,JLAPINGTON,2016-11-22,1,,,0
INCSIE,114,1000-000,49301.RAJU.KARKI,2018-09-23,1,,,0
BALSHT,38,MJCN-OCS,JLAPINGTON,2016-11-22,1,,,0
INCSIE,115,1000-100,49301.RAJU.KARKI,2018-09-23,1,,,0
BALSHT,38,MJCN-OIT,JLAPINGTON,2016-11-22,1,,,0
INCSIE,116,1010-000,49301.RAJU.KARKI,2018-09-23,1,,,0
BALSHT,38,MJEM-GNA,JLAPINGTON,2016-11-22,1,,,0
INCSIE,116,1010-005,49301.RAJU.KARKI,2018-09-23,1,,,0
BALSHT,38,MJEM-MTH,JLAPINGTON,2016-11-22,1,,,0
INCSIE,116,1010-010,49301.RAJU.KARKI,2018-09-23,1,,,0
BALSHT,38,MJEM-OCS,JLAPINGTON,2016-11-22,1,,,0
INCSIE,116,1010-015,49301.RAJU.KARKI,2018-09-23,1,,,0
BALSHT,38,MJEM-OIT,JLAPINGTON,2016-11-22,1,,,0
INCSIE,116,1010-020,49301.RAJU.KARKI,2018-09-23,1,,,0
BALSHT,38,MJFC-GNA,JLAPINGTON,2016-11-22,1,,,0
INCSIE,116,1010-025,49301.RAJU.KARKI,2018-09-23,1,,,0
BALSHT,38,MJFC-MTH,JLAPINGTON,2016-11-22,1,,,0
INCSIE,116,1010-030,49301.RAJU.KARKI,2018-09-23,1,,,0
BALSHT,38,MJFC-OCS,JLAPINGTON,2016-11-22,1,,,0
INCSIE,116,1010-999,49301.RAJU.KARKI,2018-09-23,1,,,0
BALSHT,38,MJFC-OIT,JLAPINGTON,2016-11-22,1,,,0
INCSIE,117,1020-000,49301.RAJU.KARKI,2018-09-23,1,,,0
BALSHT,38,MJHR-GNA,JLAPINGTON,2016-11-22,1,,,0
INCSIE,117,1020-005,49301.RAJU.KARKI,2018-09-23,1,,,0
BALSHT,38,MJHR-MTH,JLAPINGTON,2016-11-22,1,,,0
INCSIE,117,1020-010,49301.RAJU.KARKI,2018-09-23,1,,,0
BALSHT,38,MJHR-OCS,JLAPINGTON,2016-11-22,1,,,0
INCSIE,117,1020-015,49301.RAJU.KARKI,2018-09-23,1,,,0
BALSHT,38,MJHR-OIT,JLAPINGTON,2016-11-22,1,,,0
INCSIE,117,1020-020,49301.RAJU.KARKI,2018-09-23,1,,,0
BALSHT,38,MJIT-GNA,JLAPINGTON,2016-11-22,1,,,0
INCSIE,118,1025-000,49301.RAJU.KARKI,2018-09-23,1,,,0
BALSHT,38,MJIT-MTH,JLAPINGTON,2016-11-22,1,,,0
INCSIE,119,1040-000,49301.RAJU.KARKI,2018-09-23,1,,,0
BALSHT,38,MJIT-OCS,JLAPINGTON,2016-11-22,1,,,0
INCSIE,120,1040-005,49301.RAJU.KARKI,2018-09-23,1,,,0
BALSHT,38,MJIT-OIT,JLAPINGTON,2016-11-22,1,,,0
INCSIE,120,1040-999,49301.RAJU.KARKI,2018-09-23,1,,,0
BALSHT,38,MJPR-GNA,JLAPINGTON,2016-11-22,1,,,0
INCSIE,121,1040-010,49301.RAJU.KARKI,2018-09-23,1,,,0
BALSHT,38,MJPR-MTH,JLAPINGTON,2016-11-22,1,,,0
INCSIE,122,1030-999,49301.RAJU.KARKI,2018-09-23,1,,,0
BALSHT,38,MJPR-OCS,JLAPINGTON,2016-11-22,1,,,0
INCSIE,123,1020-800,49301.RAJU.KARKI,2018-09-23,1,,,0
BALSHT,38,MJPR-OIT,JLAPINGTON,2016-11-22,1,,,0
INCSIE,124,1100-000,49301.RAJU.KARKI,2018-09-23,1,,,0
BALSHT,38,MJRC-GNA,JLAPINGTON,2016-11-22,1,,,0
INCSIE,125,1100-005,49301.RAJU.KARKI,2018-09-23,1,,,0
BALSHT,38,MJRC-MTH,JLAPINGTON,2016-11-22,1,,,0
INCSIE,125,1100-999,49301.RAJU.KARKI,2018-09-23,1,,,0
BALSHT,38,MJRC-OCS,JLAPINGTON,2016-11-22,1,,,0
INCSIE,126,1100-010,49301.RAJU.KARKI,2018-09-23,1,,,0
BALSHT,38,MJRC-OIT,JLAPINGTON,2016-11-22,1,,,0
INCSIE,127,1110-000,49301.RAJU.KARKI,2018-09-23,1,,,0
BALSHT,38,MJBD-GNA,JLAPINGTON,2016-11-22,1,,,0
INCSIE,128,1120-999,49301.RAJU.KARKI,2018-09-23,1,,,0
BALSHT,38,MJBD-MTH,JLAPINGTON,2016-11-22,1,,,0
INCSIE,129,1110-800,49301.RAJU.KARKI,2018-09-23,1,,,0
BALSHT,38,MJBD-OCS,JLAPINGTON,2016-11-22,1,,,0
INCSIE,130,1299-000,49301.RAJU.KARKI,2018-09-23,1,,,0
BALSHT,38,MJBD-OIT,JLAPINGTON,2016-11-22,1,,,0
INCSIE,130,1299-005,49301.RAJU.KARKI,2018-09-23,1,,,0
INCSIE,130,1299-010,49301.RAJU.KARKI,2018-09-23,1,,,0
INCSIE,130,1299-015,49301.RAJU.KARKI,2018-09-23,1,,,0
INCSIE,131,0400-000,49301.RAJU.KARKI,2018-09-23,1,,,0
INCSIE,131,0403-000,49301.RAJU.KARKI,2018-09-23,1,,,0
INCSIE,131,0404-000,49301.RAJU.KARKI,2018-09-23,1,,,0
INCSIE,131,0405-000,49301.RAJU.KARKI,2018-09-23,1,,,0
INCSIE,131,0406-000,49301.RAJU.KARKI,2018-09-23,1,,,0
INCSIE,131,0407-000,49301.RAJU.KARKI,2018-09-23,1,,,0
INCSIE,131,0408-000,49301.RAJU.KARKI,2018-09-23,1,,,0
INCSIE,131,0409-000,49301.RAJU.KARKI,2018-09-23,1,,,0
INCSIE,131,0410-000,49301.RAJU.KARKI,2018-09-23,1,,,0
INCSIE,131,0411-000,49301.RAJU.KARKI,2018-09-23,1,,,0
INCSIE,131,0415-000,49301.RAJU.KARKI,2018-09-23,1,,,0
INCSIE,131,0416-000,49301.RAJU.KARKI,2018-09-23,1,,,0
INCSIE,131,0420-000,49301.RAJU.KARKI,2018-09-23,1,,,0
INCSIE,131,0421-000,49301.RAJU.KARKI,2018-09-23,1,,,0
INCSIE,131,0422-000,49301.RAJU.KARKI,2018-09-23,1,,,0
INCSIE,131,0423-000,49301.RAJU.KARKI,2018-09-23,1,,,0
INCSIE,131,0425-000,49301.RAJU.KARKI,2018-09-23,1,,,0
INCSIE,131,0426-000,49301.RAJU.KARKI,2018-09-23,1,,,0
INCSIE,131,0428-000,49301.RAJU.KARKI,2018-09-23,1,,,0
INCSIE,131,0429-000,49301.RAJU.KARKI,2018-09-23,1,,,0
INCSIE,131,0431-000,49301.RAJU.KARKI,2018-09-23,1,,,0
INCSIE,131,0432-000,49301.RAJU.KARKI,2018-09-23,1,,,0
INCSIE,131,0435-000,49301.RAJU.KARKI,2018-09-23,1,,,0
INCSIE,131,0436-000,49301.RAJU.KARKI,2018-09-23,1,,,0
INCSIE,131,0437-000,49301.RAJU.KARKI,2018-09-23,1,,,0
INCSIE,131,0440-000,49301.RAJU.KARKI,2018-09-23,1,,,0
INCSIE,131,0441-000,49301.RAJU.KARKI,2018-09-23,1,,,0
INCSIE,131,0450-000,49301.RAJU.KARKI,2018-09-23,1,,,0
INCSIE,131,0460-000,49301.RAJU.KARKI,2018-09-23,1,,,0
INCSIE,131,0461-000,49301.RAJU.KARKI,2018-09-23,1,,,0
INCSIE,131,0462-000,49301.RAJU.KARKI,2018-09-23,1,,,0
INCSIE,131,0468-000,49301.RAJU.KARKI,2018-09-23,1,,,0
INCSIE,131,0470-000,49301.RAJU.KARKI,2018-09-23,1,,,0
INCSIE,131,0471-000,49301.RAJU.KARKI,2018-09-23,1,,,0
INCSIE,131,0472-000,49301.RAJU.KARKI,2018-09-23,1,,,0
INCSIE,131,0473-000,49301.RAJU.KARKI,2018-09-23,1,,,0
INCSIE,131,0475-000,49301.RAJU.KARKI,2018-09-23,1,,,0
INCSIE,131,0488-000,49301.RAJU.KARKI,2018-09-23,1,,,0
INCSIE,131,0489-01H,49301.RAJU.KARKI,2018-09-23,1,,,0
INCSIE,131,0489-02H,49301.RAJU.KARKI,2018-09-23,1,,,0
INCSIE,132,0800-000,49301.RAJU.KARKI,2018-09-23,1,,,0
INCSIE,132,0800-001,49301.RAJU.KARKI,2018-09-23,1,,,0
INCSIE,132,0805-000,49301.RAJU.KARKI,2018-09-23,1,,,0
INCSIE,132,0808-000,49301.RAJU.KARKI,2018-09-23,1,,,0
INCSIE,132,0810-00A,49301.RAJU.KARKI,2018-09-23,1,,,0
INCSIE,132,0810-00B,49301.RAJU.KARKI,2018-09-23,1,,,0
INCSIE,132,0810-00C,49301.RAJU.KARKI,2018-09-23,1,,,0
INCSIE,132,0810-00E,49301.RAJU.KARKI,2018-09-23,1,,,0
INCSIE,132,0810-00F,49301.RAJU.KARKI,2018-09-23,1,,,0
INCSIE,132,0810-00H,49301.RAJU.KARKI,2018-09-23,1,,,0
INCSIE,132,0810-00I,49301.RAJU.KARKI,2018-09-23,1,,,0
INCSIE,132,0810-00M,49301.RAJU.KARKI,2018-09-23,1,,,0
INCSIE,132,0810-00P,49301.RAJU.KARKI,2018-09-23,1,,,0
INCSIE,132,0810-00R,49301.RAJU.KARKI,2018-09-23,1,,,0
INCSIE,132,0811-000,49301.RAJU.KARKI,2018-09-23,1,,,0
INCSIE,132,0812-000,49301.RAJU.KARKI,2018-09-23,1,,,0
INCSIE,132,0813-000,49301.RAJU.KARKI,2018-09-23,1,,,0
INCSIE,132,0814-000,49301.RAJU.KARKI,2018-09-23,1,,,0
INCSIE,132,0815-000,49301.RAJU.KARKI,2018-09-23,1,,,0
INCSIE,132,0816-000,49301.RAJU.KARKI,2018-09-23,1,,,0
INCSIE,132,0817-000,49301.RAJU.KARKI,2018-09-23,1,,,0
INCSIE,132,0817-005,49301.RAJU.KARKI,2018-09-23,1,,,0
INCSIE,132,0817-010,49301.RAJU.KARKI,2018-09-23,1,,,0
INCSIE,132,0817-015,49301.RAJU.KARKI,2018-09-23,1,,,0
INCSIE,132,0817-020,49301.RAJU.KARKI,2018-09-23,1,,,0
INCSIE,132,0817-025,49301.RAJU.KARKI,2018-09-23,1,,,0
INCSIE,132,0818-000,49301.RAJU.KARKI,2018-09-23,1,,,0
INCSIE,132,0819-000,49301.RAJU.KARKI,2018-09-23,1,,,0
INCSIE,132,0820-000,49301.RAJU.KARKI,2018-09-23,1,,,0
INCSIE,132,0821-000,49301.RAJU.KARKI,2018-09-23,1,,,0
INCSIE,132,0822-000,49301.RAJU.KARKI,2018-09-23,1,,,0
INCSIE,132,0824-000,49301.RAJU.KARKI,2018-09-23,1,,,0
INCSIE,132,0825-000,49301.RAJU.KARKI,2018-09-23,1,,,0
INCSIE,132,0826-000,49301.RAJU.KARKI,2018-09-23,1,,,0
INCSIE,132,0830-000,49301.RAJU.KARKI,2018-09-23,1,,,0
INCSIE,132,0832-000,49301.RAJU.KARKI,2018-09-23,1,,,0
INCSIE,132,0834-000,49301.RAJU.KARKI,2018-09-23,1,,,0
INCSIE,132,0836-000,49301.RAJU.KARKI,2018-09-23,1,,,0
INCSIE,132,0840-000,49301.RAJU.KARKI,2018-09-23,1,,,0
INCSIE,132,0841-000,49301.RAJU.KARKI,2018-09-23,1,,,0
INCSIE,132,0842-000,49301.RAJU.KARKI,2018-09-23,1,,,0
INCSIE,132,0844-000,49301.RAJU.KARKI,2018-09-23,1,,,0
INCSIE,132,0845-000,49301.RAJU.KARKI,2018-09-23,1,,,0
INCSIE,132,0846-000,49301.RAJU.KARKI,2018-09-23,1,,,0
INCSIE,132,0847-000,49301.RAJU.KARKI,2018-09-23,1,,,0
INCSIE,132,0850-000,49301.RAJU.KARKI,2018-09-23,1,,,0
INCSIE,132,0855-000,49301.RAJU.KARKI,2018-09-23,1,,,0
INCSIE,132,0858-000,49301.RAJU.KARKI,2018-09-23,1,,,0
INCSIE,132,0859-000,49301.RAJU.KARKI,2018-09-23,1,,,0
INCSIE,132,0860-000,49301.RAJU.KARKI,2018-09-23,1,,,0
INCSIE,132,0861-000,49301.RAJU.KARKI,2018-09-23,1,,,0
INCSIE,132,0862-000,49301.RAJU.KARKI,2018-09-23,1,,,0
INCSIE,132,0863-000,49301.RAJU.KARKI,2018-09-23,1,,,0
INCSIE,132,0864-000,49301.RAJU.KARKI,2018-09-23,1,,,0
INCSIE,132,0870-000,49301.RAJU.KARKI,2018-09-23,1,,,0
INCSIE,132,0871-000,49301.RAJU.KARKI,2018-09-23,1,,,0
INCSIE,132,0872-000,49301.RAJU.KARKI,2018-09-23,1,,,0
INCSIE,132,0873-000,49301.RAJU.KARKI,2018-09-23,1,,,0
INCSIE,132,0874-000,49301.RAJU.KARKI,2018-09-23,1,,,0
INCSIE,132,0879-000,49301.RAJU.KARKI,2018-09-23,1,,,0
INCSIE,132,0883-000,49301.RAJU.KARKI,2018-09-23,1,,,0
INCSIE,132,0883-00A,49301.RAJU.KARKI,2018-09-23,1,,,0
INCSIE,132,0883-00B,49301.RAJU.KARKI,2018-09-23,1,,,0
INCSIE,132,0883-00C,49301.RAJU.KARKI,2018-09-23,1,,,0
INCSIE,132,0883-00E,49301.RAJU.KARKI,2018-09-23,1,,,0
INCSIE,132,0883-00H,49301.RAJU.KARKI,2018-09-23,1,,,0
INCSIE,132,0883-00I,49301.RAJU.KARKI,2018-09-23,1,,,0
INCSIE,132,0883-00M,49301.RAJU.KARKI,2018-09-23,1,,,0
INCSIE,132,0883-00Q,49301.RAJU.KARKI,2018-09-23,1,,,0
INCSIE,132,0883-00R,49301.RAJU.KARKI,2018-09-23,1,,,0
INCSIE,132,0890-000,49301.RAJU.KARKI,2018-09-23,1,,,0
INCSIE,132,0899-00A,49301.RAJU.KARKI,2018-09-23,1,,,0
INCSIE,132,0899-00B,49301.RAJU.KARKI,2018-09-23,1,,,0
INCSIE,132,0899-00C,49301.RAJU.KARKI,2018-09-23,1,,,0
INCSIE,132,0899-00D,49301.RAJU.KARKI,2018-09-23,1,,,0
INCSIE,132,0899-00E,49301.RAJU.KARKI,2018-09-23,1,,,0
INCSIE,132,0899-00F,49301.RAJU.KARKI,2018-09-23,1,,,0
INCSIE,132,0899-00H,49301.RAJU.KARKI,2018-09-23,1,,,0
INCSIE,132,0899-00I,49301.RAJU.KARKI,2018-09-23,1,,,0
INCSIE,132,0899-00M,49301.RAJU.KARKI,2018-09-23,1,,,0
INCSIE,132,0899-00P,49301.RAJU.KARKI,2018-09-23,1,,,0
INCSIE,132,0899-00R,49301.RAJU.KARKI,2018-09-23,1,,,0
INCSIE,132,MJAC-CRX,49301.RAJU.KARKI,2018-09-23,1,,,0
INCSIE,132,MJB1-CRX,49301.RAJU.KARKI,2018-09-23,1,,,0
INCSIE,132,MJBD-CRX,49301.RAJU.KARKI,2018-09-23,1,,,0
INCSIE,132,MJCN-CRX,49301.RAJU.KARKI,2018-09-23,1,,,0
INCSIE,132,MJEM-CRX,49301.RAJU.KARKI,2018-09-23,1,,,0
INCSIE,132,MJFC-CRX,49301.RAJU.KARKI,2018-09-23,1,,,0
INCSIE,132,MJHR-CRX,49301.RAJU.KARKI,2018-09-23,1,,,0
INCSIE,132,MJIT-CRX,49301.RAJU.KARKI,2018-09-23,1,,,0
INCSIE,132,MJPR-CRX,49301.RAJU.KARKI,2018-09-23,1,,,0
INCSIE,132,MJRC-CRX,49301.RAJU.KARKI,2018-09-23,1,,,0
INCSIE,133,0500-000,49301.RAJU.KARKI,2018-09-23,1,,,0
INCSIE,133,0505-000,49301.RAJU.KARKI,2018-09-23,1,,,0
INCSIE,133,0508-000,49301.RAJU.KARKI,2018-09-23,1,,,0
INCSIE,133,0511-000,49301.RAJU.KARKI,2018-09-23,1,,,0
INCSIE,133,0512-000,49301.RAJU.KARKI,2018-09-23,1,,,0
INCSIE,133,0513-000,49301.RAJU.KARKI,2018-09-23,1,,,0
INCSIE,133,0515-000,49301.RAJU.KARKI,2018-09-23,1,,,0
INCSIE,133,0516-000,49301.RAJU.KARKI,2018-09-23,1,,,0
INCSIE,133,0517-000,49301.RAJU.KARKI,2018-09-23,1,,,0
INCSIE,133,0517-005,49301.RAJU.KARKI,2018-09-23,1,,,0
INCSIE,133,0517-010,49301.RAJU.KARKI,2018-09-23,1,,,0
INCSIE,133,0517-015,49301.RAJU.KARKI,2018-09-23,1,,,0
INCSIE,133,0517-020,49301.RAJU.KARKI,2018-09-23,1,,,0
INCSIE,133,0517-025,49301.RAJU.KARKI,2018-09-23,1,,,0
INCSIE,133,0518-000,49301.RAJU.KARKI,2018-09-23,1,,,0
INCSIE,133,0519-000,49301.RAJU.KARKI,2018-09-23,1,,,0
INCSIE,133,0520-000,49301.RAJU.KARKI,2018-09-23,1,,,0
INCSIE,133,0521-000,49301.RAJU.KARKI,2018-09-23,1,,,0
INCSIE,133,0522-000,49301.RAJU.KARKI,2018-09-23,1,,,0
INCSIE,133,0524-000,49301.RAJU.KARKI,2018-09-23,1,,,0
INCSIE,133,0525-000,49301.RAJU.KARKI,2018-09-23,1,,,0
INCSIE,133,0526-000,49301.RAJU.KARKI,2018-09-23,1,,,0
INCSIE,133,0530-000,49301.RAJU.KARKI,2018-09-23,1,,,0
INCSIE,133,0532-000,49301.RAJU.KARKI,2018-09-23,1,,,0
INCSIE,133,0534-000,49301.RAJU.KARKI,2018-09-23,1,,,0
INCSIE,133,0536-000,49301.RAJU.KARKI,2018-09-23,1,,,0
INCSIE,133,0540-000,49301.RAJU.KARKI,2018-09-23,1,,,0
INCSIE,133,0541-000,49301.RAJU.KARKI,2018-09-23,1,,,0
INCSIE,133,0542-000,49301.RAJU.KARKI,2018-09-23,1,,,0
INCSIE,133,0544-000,49301.RAJU.KARKI,2018-09-23,1,,,0
INCSIE,133,0545-000,49301.RAJU.KARKI,2018-09-23,1,,,0
INCSIE,133,0546-000,49301.RAJU.KARKI,2018-09-23,1,,,0
INCSIE,133,0547-000,49301.RAJU.KARKI,2018-09-23,1,,,0
INCSIE,133,0549-000,49301.RAJU.KARKI,2018-09-23,1,,,0
INCSIE,133,0550-000,49301.RAJU.KARKI,2018-09-23,1,,,0
INCSIE,133,0555-000,49301.RAJU.KARKI,2018-09-23,1,,,0
INCSIE,133,0559-000,49301.RAJU.KARKI,2018-09-23,1,,,0
INCSIE,133,0560-000,49301.RAJU.KARKI,2018-09-23,1,,,0
INCSIE,133,0561-000,49301.RAJU.KARKI,2018-09-23,1,,,0
INCSIE,133,0562-000,49301.RAJU.KARKI,2018-09-23,1,,,0
INCSIE,133,0563-000,49301.RAJU.KARKI,2018-09-23,1,,,0
INCSIE,133,0564-000,49301.RAJU.KARKI,2018-09-23,1,,,0
INCSIE,133,0570-000,49301.RAJU.KARKI,2018-09-23,1,,,0
INCSIE,133,0571-000,49301.RAJU.KARKI,2018-09-23,1,,,0
INCSIE,133,0572-000,49301.RAJU.KARKI,2018-09-23,1,,,0
INCSIE,133,0579-000,49301.RAJU.KARKI,2018-09-23,1,,,0
INCSIE,133,0583-00C,49301.RAJU.KARKI,2018-09-23,1,,,0
INCSIE,133,0583-00F,49301.RAJU.KARKI,2018-09-23,1,,,0
INCSIE,133,0583-00M,49301.RAJU.KARKI,2018-09-23,1,,,0
INCSIE,133,0583-00R,49301.RAJU.KARKI,2018-09-23,1,,,0
INCSIE,133,0590-000,49301.RAJU.KARKI,2018-09-23,1,,,0
INCSIE,133,MJAC-OCS,49301.RAJU.KARKI,2018-09-23,1,,,0
INCSIE,133,MJB1-OCS,49301.RAJU.KARKI,2018-09-23,1,,,0
INCSIE,133,MJBD-OCS,49301.RAJU.KARKI,2018-09-23,1,,,0
INCSIE,133,MJCN-OCS,49301.RAJU.KARKI,2018-09-23,1,,,0
INCSIE,133,MJEM-OCS,49301.RAJU.KARKI,2018-09-23,1,,,0
INCSIE,133,MJFC-OCS,49301.RAJU.KARKI,2018-09-23,1,,,0
INCSIE,133,MJHR-OCS,49301.RAJU.KARKI,2018-09-23,1,,,0
INCSIE,133,MJIT-OCS,49301.RAJU.KARKI,2018-09-23,1,,,0
INCSIE,133,MJPR-OCS,49301.RAJU.KARKI,2018-09-23,1,,,0
INCSIE,133,MJRC-OCS,49301.RAJU.KARKI,2018-09-23,1,,,0
INCSIE,134,0500-100,49301.RAJU.KARKI,2018-09-23,1,,,0
INCSIE,134,0505-100,49301.RAJU.KARKI,2018-09-23,1,,,0
INCSIE,134,0508-100,49301.RAJU.KARKI,2018-09-23,1,,,0
INCSIE,134,0511-100,49301.RAJU.KARKI,2018-09-23,1,,,0
INCSIE,134,0512-100,49301.RAJU.KARKI,2018-09-23,1,,,0
INCSIE,134,0513-100,49301.RAJU.KARKI,2018-09-23,1,,,0
INCSIE,134,0515-100,49301.RAJU.KARKI,2018-09-23,1,,,0
INCSIE,134,0516-100,49301.RAJU.KARKI,2018-09-23,1,,,0
INCSIE,134,0517-100,49301.RAJU.KARKI,2018-09-23,1,,,0
INCSIE,134,0517-105,49301.RAJU.KARKI,2018-09-23,1,,,0
INCSIE,134,0517-110,49301.RAJU.KARKI,2018-09-23,1,,,0
INCSIE,134,0517-115,49301.RAJU.KARKI,2018-09-23,1,,,0
INCSIE,134,0517-120,49301.RAJU.KARKI,2018-09-23,1,,,0
INCSIE,134,0517-125,49301.RAJU.KARKI,2018-09-23,1,,,0
INCSIE,134,0518-100,49301.RAJU.KARKI,2018-09-23,1,,,0
INCSIE,134,0519-100,49301.RAJU.KARKI,2018-09-23,1,,,0
INCSIE,134,0520-100,49301.RAJU.KARKI,2018-09-23,1,,,0
INCSIE,134,0521-100,49301.RAJU.KARKI,2018-09-23,1,,,0
INCSIE,134,0522-100,49301.RAJU.KARKI,2018-09-23,1,,,0
INCSIE,134,0524-100,49301.RAJU.KARKI,2018-09-23,1,,,0
INCSIE,134,0525-100,49301.RAJU.KARKI,2018-09-23,1,,,0
INCSIE,134,0526-100,49301.RAJU.KARKI,2018-09-23,1,,,0
INCSIE,134,0530-100,49301.RAJU.KARKI,2018-09-23,1,,,0
INCSIE,134,0532-100,49301.RAJU.KARKI,2018-09-23,1,,,0
INCSIE,134,0534-100,49301.RAJU.KARKI,2018-09-23,1,,,0
INCSIE,134,0536-100,49301.RAJU.KARKI,2018-09-23,1,,,0
INCSIE,134,0540-100,49301.RAJU.KARKI,2018-09-23,1,,,0
INCSIE,134,0541-100,49301.RAJU.KARKI,2018-09-23,1,,,0
INCSIE,134,0542-100,49301.RAJU.KARKI,2018-09-23,1,,,0
INCSIE,134,0544-100,49301.RAJU.KARKI,2018-09-23,1,,,0
INCSIE,134,0545-100,49301.RAJU.KARKI,2018-09-23,1,,,0
INCSIE,134,0546-100,49301.RAJU.KARKI,2018-09-23,1,,,0
INCSIE,134,0547-100,49301.RAJU.KARKI,2018-09-23,1,,,0
INCSIE,134,0549-100,49301.RAJU.KARKI,2018-09-23,1,,,0
INCSIE,134,0550-100,49301.RAJU.KARKI,2018-09-23,1,,,0
INCSIE,134,0555-100,49301.RAJU.KARKI,2018-09-23,1,,,0
INCSIE,134,0559-100,49301.RAJU.KARKI,2018-09-23,1,,,0
INCSIE,134,0560-100,49301.RAJU.KARKI,2018-09-23,1,,,0
INCSIE,134,0561-100,49301.RAJU.KARKI,2018-09-23,1,,,0
INCSIE,134,0562-100,49301.RAJU.KARKI,2018-09-23,1,,,0
INCSIE,134,0563-100,49301.RAJU.KARKI,2018-09-23,1,,,0
INCSIE,134,0564-100,49301.RAJU.KARKI,2018-09-23,1,,,0
INCSIE,134,0570-100,49301.RAJU.KARKI,2018-09-23,1,,,0
INCSIE,134,0571-100,49301.RAJU.KARKI,2018-09-23,1,,,0
INCSIE,134,0572-100,49301.RAJU.KARKI,2018-09-23,1,,,0
INCSIE,134,0579-100,49301.RAJU.KARKI,2018-09-23,1,,,0
INCSIE,134,0583-10C,49301.RAJU.KARKI,2018-09-23,1,,,0
INCSIE,134,0583-10D,49301.RAJU.KARKI,2018-09-23,1,,,0
INCSIE,134,0583-10F,49301.RAJU.KARKI,2018-09-23,1,,,0
INCSIE,134,0583-10M,49301.RAJU.KARKI,2018-09-23,1,,,0
INCSIE,134,0583-10R,49301.RAJU.KARKI,2018-09-23,1,,,0
INCSIE,134,0590-100,49301.RAJU.KARKI,2018-09-23,1,,,0
INCSIE,134,MJAC-OIT,49301.RAJU.KARKI,2018-09-23,1,,,0
INCSIE,134,MJB1-OIT,49301.RAJU.KARKI,2018-09-23,1,,,0
INCSIE,134,MJBD-OIT,49301.RAJU.KARKI,2018-09-23,1,,,0
INCSIE,134,MJCN-OIT,49301.RAJU.KARKI,2018-09-23,1,,,0
INCSIE,134,MJEM-OIT,49301.RAJU.KARKI,2018-09-23,1,,,0
INCSIE,134,MJFC-OIT,49301.RAJU.KARKI,2018-09-23,1,,,0
INCSIE,134,MJHR-OIT,49301.RAJU.KARKI,2018-09-23,1,,,0
INCSIE,134,MJIT-OIT,49301.RAJU.KARKI,2018-09-23,1,,,0
INCSIE,134,MJPR-OIT,49301.RAJU.KARKI,2018-09-23,1,,,0
INCSIE,134,MJRC-OIT,49301.RAJU.KARKI,2018-09-23,1,,,0
INCSIE,135,0600-000,49301.RAJU.KARKI,2018-09-23,1,,,0
INCSIE,135,0683-00A,49301.RAJU.KARKI,2018-09-23,1,,,0
INCSIE,135,0683-00C,49301.RAJU.KARKI,2018-09-23,1,,,0
INCSIE,135,0683-00M,49301.RAJU.KARKI,2018-09-23,1,,,0
INCSIE,135,0683-00P,49301.RAJU.KARKI,2018-09-23,1,,,0
INCSIE,135,ACSC-MTH,49301.RAJU.KARKI,2018-09-23,1,,,0
INCSIE,135,BDSC-MTH,49301.RAJU.KARKI,2018-09-23,1,,,0
INCSIE,135,CNSC-MTH,49301.RAJU.KARKI,2018-09-23,1,,,0
INCSIE,135,EMSC-MTH,49301.RAJU.KARKI,2018-09-23,1,,,0
INCSIE,135,FCSC-MTH,49301.RAJU.KARKI,2018-09-23,1,,,0
INCSIE,135,HRSC-MTH,49301.RAJU.KARKI,2018-09-23,1,,,0
INCSIE,135,ITSC-MTH,49301.RAJU.KARKI,2018-09-23,1,,,0
INCSIE,135,MJAC-MTH,49301.RAJU.KARKI,2018-09-23,1,,,0
INCSIE,135,MJB1-MTH,49301.RAJU.KARKI,2018-09-23,1,,,0
INCSIE,135,MJBD-MTH,49301.RAJU.KARKI,2018-09-23,1,,,0
INCSIE,135,MJCN-MTH,49301.RAJU.KARKI,2018-09-23,1,,,0
INCSIE,135,MJEM-MTH,49301.RAJU.KARKI,2018-09-23,1,,,0
INCSIE,135,MJFC-MTH,49301.RAJU.KARKI,2018-09-23,1,,,0
INCSIE,135,MJHR-MTH,49301.RAJU.KARKI,2018-09-23,1,,,0
INCSIE,135,MJIT-MTH,49301.RAJU.KARKI,2018-09-23,1,,,0
INCSIE,135,MJPR-MTH,49301.RAJU.KARKI,2018-09-23,1,,,0
INCSIE,135,MJRC-MTH,49301.RAJU.KARKI,2018-09-23,1,,,0
INCSIE,136,0700-000,49301.RAJU.KARKI,2018-09-23,1,,,0
INCSIE,136,0783-00A,49301.RAJU.KARKI,2018-09-23,1,,,0
INCSIE,136,0783-00B,49301.RAJU.KARKI,2018-09-23,1,,,0
INCSIE,136,0783-00C,49301.RAJU.KARKI,2018-09-23,1,,,0
INCSIE,136,0783-00E,49301.RAJU.KARKI,2018-09-23,1,,,0
INCSIE,136,0783-00F,49301.RAJU.KARKI,2018-09-23,1,,,0
INCSIE,136,0783-00I,49301.RAJU.KARKI,2018-09-23,1,,,0
INCSIE,136,0783-00M,49301.RAJU.KARKI,2018-09-23,1,,,0
INCSIE,136,0783-00R,49301.RAJU.KARKI,2018-09-23,1,,,0
INCSIE,136,2000-000,49301.RAJU.KARKI,2018-09-23,1,,,0
INCSIE,136,2000-100,49301.RAJU.KARKI,2018-09-23,1,,,0
INCSIE,136,2010-000,49301.RAJU.KARKI,2018-09-23,1,,,0
INCSIE,136,2010-005,49301.RAJU.KARKI,2018-09-23,1,,,0
INCSIE,136,2010-010,49301.RAJU.KARKI,2018-09-23,1,,,0
INCSIE,136,2010-015,49301.RAJU.KARKI,2018-09-23,1,,,0
INCSIE,136,2010-020,49301.RAJU.KARKI,2018-09-23,1,,,0
INCSIE,136,2010-025,49301.RAJU.KARKI,2018-09-23,1,,,0
INCSIE,136,2010-030,49301.RAJU.KARKI,2018-09-23,1,,,0
INCSIE,136,2020-000,49301.RAJU.KARKI,2018-09-23,1,,,0
INCSIE,136,2020-005,49301.RAJU.KARKI,2018-09-23,1,,,0
INCSIE,136,2020-010,49301.RAJU.KARKI,2018-09-23,1,,,0
INCSIE,136,2020-015,49301.RAJU.KARKI,2018-09-23,1,,,0
INCSIE,136,2020-018,49301.RAJU.KARKI,2018-09-23,1,,,0
INCSIE,136,2020-019,49301.RAJU.KARKI,2018-09-23,1,,,0
INCSIE,136,2020-020,49301.RAJU.KARKI,2018-09-23,1,,,0
INCSIE,136,2020-025,49301.RAJU.KARKI,2018-09-23,1,,,0
INCSIE,136,2040-000,49301.RAJU.KARKI,2018-09-23,1,,,0
INCSIE,136,2040-005,49301.RAJU.KARKI,2018-09-23,1,,,0
INCSIE,136,2100-000,49301.RAJU.KARKI,2018-09-23,1,,,0
INCSIE,136,2100-005,49301.RAJU.KARKI,2018-09-23,1,,,0
INCSIE,136,2110-000,49301.RAJU.KARKI,2018-09-23,1,,,0
INCSIE,136,MJAC-GNA,49301.RAJU.KARKI,2018-09-23,1,,,0
INCSIE,136,MJB1-GNA,49301.RAJU.KARKI,2018-09-23,1,,,0
INCSIE,136,MJBD-GNA,49301.RAJU.KARKI,2018-09-23,1,,,0
INCSIE,136,MJCN-GNA,49301.RAJU.KARKI,2018-09-23,1,,,0
INCSIE,136,MJEM-GNA,49301.RAJU.KARKI,2018-09-23,1,,,0
INCSIE,136,MJFC-GNA,49301.RAJU.KARKI,2018-09-23,1,,,0
INCSIE,136,MJHR-GNA,49301.RAJU.KARKI,2018-09-23,1,,,0
INCSIE,136,MJIT-GNA,49301.RAJU.KARKI,2018-09-23,1,,,0
INCSIE,136,MJPR-GNA,49301.RAJU.KARKI,2018-09-23,1,,,0
INCSIE,136,MJRC-GNA,49301.RAJU.KARKI,2018-09-23,1,,,0
INCSIE,137,ACSC-GNA,49301.RAJU.KARKI,2018-09-23,1,,,0
INCSIE,137,ACSC-OCS,49301.RAJU.KARKI,2018-09-23,1,,,0
INCSIE,137,ACSC-OIT,49301.RAJU.KARKI,2018-09-23,1,,,0
INCSIE,137,BDSC-GNA,49301.RAJU.KARKI,2018-09-23,1,,,0
INCSIE,137,BDSC-OCS,49301.RAJU.KARKI,2018-09-23,1,,,0
INCSIE,137,BDSC-OIT,49301.RAJU.KARKI,2018-09-23,1,,,0
INCSIE,137,CFRG-100,49301.RAJU.KARKI,2018-09-23,1,,,0
INCSIE,137,CFRG-101,49301.RAJU.KARKI,2018-09-23,1,,,0
INCSIE,137,CFRG-110,49301.RAJU.KARKI,2018-09-23,1,,,0
INCSIE,137,CFRG-111,49301.RAJU.KARKI,2018-09-23,1,,,0
INCSIE,137,CFRO-350,49301.RAJU.KARKI,2018-09-23,1,,,0
INCSIE,137,CFRO-360,49301.RAJU.KARKI,2018-09-23,1,,,0
INCSIE,137,CFRS-300,49301.RAJU.KARKI,2018-09-23,1,,,0
INCSIE,137,CFRS-310,49301.RAJU.KARKI,2018-09-23,1,,,0
INCSIE,137,CGNA-000,49301.RAJU.KARKI,2018-09-23,1,,,0
INCSIE,137,CNSC-GNA,49301.RAJU.KARKI,2018-09-23,1,,,0
INCSIE,137,CNSC-OCS,49301.RAJU.KARKI,2018-09-23,1,,,0
INCSIE,137,CNSC-OIT,49301.RAJU.KARKI,2018-09-23,1,,,0
INCSIE,137,COHD-000,49301.RAJU.KARKI,2018-09-23,1,,,0
INCSIE,137,COHD-100,49301.RAJU.KARKI,2018-09-23,1,,,0
INCSIE,137,CSUB-000,49301.RAJU.KARKI,2018-09-23,1,,,0
INCSIE,137,DFRB-010,49301.RAJU.KARKI,2018-09-23,1,,,0
INCSIE,137,DFRB-011,49301.RAJU.KARKI,2018-09-23,1,,,0
INCSIE,137,DFRB-100,49301.RAJU.KARKI,2018-09-23,1,,,0
INCSIE,137,DFRB-101,49301.RAJU.KARKI,2018-09-23,1,,,0
INCSIE,137,DFRB-110,49301.RAJU.KARKI,2018-09-23,1,,,0
INCSIE,137,DFRB-111,49301.RAJU.KARKI,2018-09-23,1,,,0
INCSIE,137,DFRD-010,49301.RAJU.KARKI,2018-09-23,1,,,0
INCSIE,137,DFRD-011,49301.RAJU.KARKI,2018-09-23,1,,,0
INCSIE,137,DFRD-100,49301.RAJU.KARKI,2018-09-23,1,,,0
INCSIE,137,DFRD-101,49301.RAJU.KARKI,2018-09-23,1,,,0
INCSIE,137,DFRD-110,49301.RAJU.KARKI,2018-09-23,1,,,0
INCSIE,137,DFRD-111,49301.RAJU.KARKI,2018-09-23,1,,,0
INCSIE,137,DFRG-100,49301.RAJU.KARKI,2018-09-23,1,,,0
INCSIE,137,DFRG-110,49301.RAJU.KARKI,2018-09-23,1,,,0
INCSIE,137,DFRG-111,49301.RAJU.KARKI,2018-09-23,1,,,0
INCSIE,137,DFRO-000,49301.RAJU.KARKI,2018-09-23,1,,,0
INCSIE,137,DFRO-001,49301.RAJU.KARKI,2018-09-23,1,,,0
INCSIE,137,DFRO-100,49301.RAJU.KARKI,2018-09-23,1,,,0
INCSIE,137,DFRO-101,49301.RAJU.KARKI,2018-09-23,1,,,0
INCSIE,137,DFRS-100,49301.RAJU.KARKI,2018-09-23,1,,,0
INCSIE,137,DFRS-101,49301.RAJU.KARKI,2018-09-23,1,,,0
INCSIE,137,DFRS-300,49301.RAJU.KARKI,2018-09-23,1,,,0
INCSIE,137,DFRS-301,49301.RAJU.KARKI,2018-09-23,1,,,0
INCSIE,137,DFRU-100,49301.RAJU.KARKI,2018-09-23,1,,,0
INCSIE,137,DFRU-101,49301.RAJU.KARKI,2018-09-23,1,,,0
INCSIE,137,DGNA-000,49301.RAJU.KARKI,2018-09-23,1,,,0
INCSIE,137,DOHB-120,49301.RAJU.KARKI,2018-09-23,1,,,0
INCSIE,137,DOHB-121,49301.RAJU.KARKI,2018-09-23,1,,,0
INCSIE,137,DOHD-120,49301.RAJU.KARKI,2018-09-23,1,,,0
INCSIE,137,DOHD-121,49301.RAJU.KARKI,2018-09-23,1,,,0
INCSIE,137,DSUB-000,49301.RAJU.KARKI,2018-09-23,1,,,0
INCSIE,137,EMSC-GNA,49301.RAJU.KARKI,2018-09-23,1,,,0
INCSIE,137,EMSC-OCS,49301.RAJU.KARKI,2018-09-23,1,,,0
INCSIE,137,EMSC-OIT,49301.RAJU.KARKI,2018-09-23,1,,,0
INCSIE,137,FCSC-GNA,49301.RAJU.KARKI,2018-09-23,1,,,0
INCSIE,137,FCSC-OCS,49301.RAJU.KARKI,2018-09-23,1,,,0
INCSIE,137,FCSC-OIT,49301.RAJU.KARKI,2018-09-23,1,,,0
BALSHT,25,0210-046,BADAWII,2019-01-09,1,,,0
BALSHT,25,0210-050,BADAWII,2019-01-09,1,,,0
INCSIE,137,FRNG-CRX,49301.RAJU.KARKI,2018-09-23,1,,,0
INCSIE,137,FRNG-DLC,49301.RAJU.KARKI,2018-09-23,1,,,0
INCSIE,137,FRNG-DLI,49301.RAJU.KARKI,2018-09-23,1,,,0
BALSHT,25,0210-052,BADAWII,2019-01-09,1,,,0
BALSHT,25,0210-056,BADAWII,2019-01-09,1,,,0
BALSHT,25,0210-058,BADAWII,2019-01-09,1,,,0
BALSHT,25,0210-060,BADAWII,2019-01-09,1,,,0
INCSIE,137,GNAD-CRX,49301.RAJU.KARKI,2018-09-23,1,,,0
INCSIE,137,GNAD-DIR,49301.RAJU.KARKI,2018-09-23,1,,,0
INCSIE,137,HRSC-GNA,49301.RAJU.KARKI,2018-09-23,1,,,0
INCSIE,137,HRSC-OCS,49301.RAJU.KARKI,2018-09-23,1,,,0
INCSIE,137,HRSC-OIT,49301.RAJU.KARKI,2018-09-23,1,,,0
INCSIE,137,ITSC-GNA,49301.RAJU.KARKI,2018-09-23,1,,,0
INCSIE,137,ITSC-OCS,49301.RAJU.KARKI,2018-09-23,1,,,0
INCSIE,137,ITSC-OIT,49301.RAJU.KARKI,2018-09-23,1,,,0
INCSIE,137,MTHD-CRX,49301.RAJU.KARKI,2018-09-23,1,,,0
INCSIE,137,MTHD-DIR,49301.RAJU.KARKI,2018-09-23,1,,,0
BALSHT,25,0210-062,BADAWII,2019-01-09,1,,,0
INCSIE,137,OHCS-CRX,49301.RAJU.KARKI,2018-09-23,1,,,0
INCSIE,137,OHCS-DIR,49301.RAJU.KARKI,2018-09-23,1,,,0
BALSHT,25,0210-048,BADAWII,2019-01-09,1,,,0
INCSIE,137,OHIT-CRX,49301.RAJU.KARKI,2018-09-23,1,,,0
INCSIE,137,OHIT-DIR,49301.RAJU.KARKI,2018-09-23,1,,,0
INCSIE,137,PRSC-GNA,49301.RAJU.KARKI,2018-09-23,1,,,0
INCSIE,137,PRSC-MTH,49301.RAJU.KARKI,2018-09-23,1,,,0
INCSIE,137,PRSC-OCS,49301.RAJU.KARKI,2018-09-23,1,,,0
INCSIE,137,PRSC-OIT,49301.RAJU.KARKI,2018-09-23,1,,,0
INCSIE,137,RCSC-GNA,49301.RAJU.KARKI,2018-09-23,1,,,0
INCSIE,137,RCSC-MTH,49301.RAJU.KARKI,2018-09-23,1,,,0
INCSIE,137,RCSC-OCS,49301.RAJU.KARKI,2018-09-23,1,,,0
INCSIE,137,RCSC-OIT,49301.RAJU.KARKI,2018-09-23,1,,,0
INCSIE,138,0997-000,49301.RAJU.KARKI,2018-09-23,1,,,0
INCSIE,138,0998-000,49301.RAJU.KARKI,2018-09-23,1,,,0
INCSIE,138,0998-010,49301.RAJU.KARKI,2018-09-23,1,,,0
INCSIE,138,0999-000,49301.RAJU.KARKI,2018-09-23,1,,,0
INCSIE,138,0999-010,49301.RAJU.KARKI,2018-09-23,1,,,0
INCSIE,138,0999-020,49301.RAJU.KARKI,2018-09-23,1,,,0
INCSIE,138,0999-030,49301.RAJU.KARKI,2018-09-23,1,,,0
INCSIE,138,0999-040,49301.RAJU.KARKI,2018-09-23,1,,,0
INCSIE,138,0999-050,49301.RAJU.KARKI,2018-09-23,1,,,0
INCSIE,138,0999-070,49301.RAJU.KARKI,2018-09-23,1,,,0
INCSIE,138,0999-080,49301.RAJU.KARKI,2018-09-23,1,,,0
INCSIE,138,0999-090,49301.RAJU.KARKI,2018-09-23,1,,,0
INCSIE,138,0999-100,49301.RAJU.KARKI,2018-09-23,1,,,0
BALSHT,25,0210-054,BADAWII,2019-01-09,1,,,0
BALSHT,1,0100-500,JLAPINGTON,2017-02-28,1,,,0
BALSHT,2,0115-000,JLAPINGTON,2017-02-28,1,,,0
BALSHT,24,0120-040,JLAPINGTON,2017-02-28,1,,,0
BALSHT,5,0125-000,JLAPINGTON,2017-02-28,1,,,0
BALSHT,18,0130-010,JLAPINGTON,2017-02-28,1,,,0
BALSHT,20,0135-000,JLAPINGTON,2017-02-28,1,,,0
BALSHT,7,0140-000,JLAPINGTON,2017-02-28,1,,,0
BALSHT,7,0140-015,JLAPINGTON,2017-02-28,1,,,0
BALSHT,7,0140-020,JLAPINGTON,2017-02-28,1,,,0
BALSHT,7,0140-030,JLAPINGTON,2017-02-28,1,,,0
BALSHT,7,0140-035,JLAPINGTON,2017-02-28,1,,,0
BALSHT,7,0140-045,JLAPINGTON,2017-02-28,1,,,0
BALSHT,7,0140-050,JLAPINGTON,2017-02-28,1,,,0
BALSHT,7,0140-055,JLAPINGTON,2017-02-28,1,,,0
BALSHT,7,0140-060,JLAPINGTON,2017-02-28,1,,,0
BALSHT,7,0140-065,JLAPINGTON,2017-02-28,1,,,0
BALSHT,107,0145-000,JLAPINGTON,2017-02-28,1,,,0
BALSHT,4,0145-005,JLAPINGTON,2017-02-28,1,,,0
BALSHT,12,0160-050,JLAPINGTON,2017-02-28,1,,,0
BALSHT,15,0160-060,JLAPINGTON,2017-02-28,1,,,0
BALSHT,19,0170-000,JLAPINGTON,2017-02-28,1,,,0
BALSHT,33,0180-000,JLAPINGTON,2017-02-28,1,,,0
BALSHT,21,0190-000,JLAPINGTON,2017-02-28,1,,,0
BALSHT,6,0191-000,JLAPINGTON,2017-02-28,1,,,0
BALSHT,22,0200-000,JLAPINGTON,2017-02-28,1,,,0
BALSHT,22,0200-010,JLAPINGTON,2017-02-28,1,,,0
BALSHT,22,0200-020,JLAPINGTON,2017-02-28,1,,,0
BALSHT,22,0200-030,JLAPINGTON,2017-02-28,1,,,0
BALSHT,22,0200-040,JLAPINGTON,2017-02-28,1,,,0
BALSHT,28,0205-000,JLAPINGTON,2017-02-28,1,,,0
BALSHT,24,0208-000,JLAPINGTON,2017-02-28,1,,,0
BALSHT,28,0210-000,JLAPINGTON,2017-02-28,1,,,0
BALSHT,28,0210-002,JLAPINGTON,2017-02-28,1,,,0
BALSHT,28,0210-004,JLAPINGTON,2017-02-28,1,,,0
BALSHT,28,0210-006,JLAPINGTON,2017-02-28,1,,,0
BALSHT,28,0210-008,JLAPINGTON,2017-02-28,1,,,0
BALSHT,26,0210-010,JLAPINGTON,2017-02-28,1,,,0
BALSHT,26,0210-012,JLAPINGTON,2017-02-28,1,,,0
BALSHT,26,0210-014,JLAPINGTON,2017-02-28,1,,,0
BALSHT,26,0210-016,JLAPINGTON,2017-02-28,1,,,0
BALSHT,26,0210-018,JLAPINGTON,2017-02-28,1,,,0
BALSHT,26,0210-019,JLAPINGTON,2017-02-28,1,,,0
BALSHT,26,0210-020,JLAPINGTON,2017-02-28,1,,,0
BALSHT,26,0210-022,JLAPINGTON,2017-02-28,1,,,0
BALSHT,26,0210-024,JLAPINGTON,2017-02-28,1,,,0
BALSHT,26,0210-026,JLAPINGTON,2017-02-28,1,,,0
BALSHT,24,0210-031,JLAPINGTON,2017-02-28,1,,,0
BALSHT,24,0210-032,JLAPINGTON,2017-02-28,1,,,0
BALSHT,25,0210-040,JLAPINGTON,2017-02-28,1,,,0
BALSHT,25,0210-042,JLAPINGTON,2017-02-28,1,,,0
BALSHT,25,0220-0FL,JLAPINGTON,2017-02-28,1,,,0
BALSHT,25,0220-0PA,JLAPINGTON,2017-02-28,1,,,0
BALSHT,25,0225-005,JLAPINGTON,2017-02-28,1,,,0
BALSHT,25,0230-0AZ,JLAPINGTON,2017-02-28,1,,,0
BALSHT,25,0230-0CA,JLAPINGTON,2017-02-28,1,,,0
BALSHT,25,0230-0DC,JLAPINGTON,2017-02-28,1,,,0
BALSHT,25,0230-0FL,JLAPINGTON,2017-02-28,1,,,0
BALSHT,25,0230-0GA,JLAPINGTON,2017-02-28,1,,,0
BALSHT,25,0230-0IL,JLAPINGTON,2017-02-28,1,,,0
BALSHT,25,0230-0LA,JLAPINGTON,2017-02-28,1,,,0
BALSHT,25,0230-0MD,JLAPINGTON,2017-02-28,1,,,0
BALSHT,26,0240-000,JLAPINGTON,2017-02-28,1,,,0
BALSHT,26,0240-001,JLAPINGTON,2017-02-28,1,,,0
BALSHT,26,0240-002,JLAPINGTON,2017-02-28,1,,,0
BALSHT,27,0245-000,JLAPINGTON,2017-02-28,1,,,0
BALSHT,27,0245-010,JLAPINGTON,2017-02-28,1,,,0
BALSHT,27,0245-030,JLAPINGTON,2017-02-28,1,,,0
BALSHT,23,0250-000,JLAPINGTON,2017-02-28,1,,,0
BALSHT,26,0260-000,JLAPINGTON,2017-02-28,1,,,0
BALSHT,26,0260-010,JLAPINGTON,2017-02-28,1,,,0
BALSHT,26,0260-0DC,JLAPINGTON,2017-02-28,1,,,0
BALSHT,26,0260-0MD,JLAPINGTON,2017-02-28,1,,,0
BALSHT,26,0260-0TX,JLAPINGTON,2017-02-28,1,,,0
BALSHT,26,0260-0VA,JLAPINGTON,2017-02-28,1,,,0
BALSHT,26,0260-0WV,JLAPINGTON,2017-02-28,1,,,0
BALSHT,23,0265-000,JLAPINGTON,2017-02-28,1,,,0
BALSHT,23,0265-0AK,JLAPINGTON,2017-02-28,1,,,0
BALSHT,23,0265-0AL,JLAPINGTON,2017-02-28,1,,,0
BALSHT,23,0265-0AZ,JLAPINGTON,2017-02-28,1,,,0
BALSHT,23,0265-0CA,JLAPINGTON,2017-02-28,1,,,0
BALSHT,23,0265-0CO,JLAPINGTON,2017-02-28,1,,,0
BALSHT,23,0265-0CT,JLAPINGTON,2017-02-28,1,,,0
BALSHT,23,0265-0DC,JLAPINGTON,2017-02-28,1,,,0
BALSHT,23,0265-0DE,JLAPINGTON,2017-02-28,1,,,0
BALSHT,23,0265-0FL,JLAPINGTON,2017-02-28,1,,,0
BALSHT,23,0265-0GA,JLAPINGTON,2017-02-28,1,,,0
BALSHT,23,0265-0HA,JLAPINGTON,2017-02-28,1,,,0
BALSHT,23,0265-0IA,JLAPINGTON,2017-02-28,1,,,0
BALSHT,23,0265-0ID,JLAPINGTON,2017-02-28,1,,,0
BALSHT,23,0265-0IL,JLAPINGTON,2017-02-28,1,,,0
BALSHT,23,0265-0IN,JLAPINGTON,2017-02-28,1,,,0
BALSHT,23,0265-0KS,JLAPINGTON,2017-02-28,1,,,0
BALSHT,23,0265-0KY,JLAPINGTON,2017-02-28,1,,,0
BALSHT,23,0265-0LA,JLAPINGTON,2017-02-28,1,,,0
BALSHT,23,0265-0MA,JLAPINGTON,2017-02-28,1,,,0
BALSHT,23,0265-0MD,JLAPINGTON,2017-02-28,1,,,0
BALSHT,23,0265-0ME,JLAPINGTON,2017-02-28,1,,,0
BALSHT,23,0265-0MI,JLAPINGTON,2017-02-28,1,,,0
BALSHT,23,0265-0MN,JLAPINGTON,2017-02-28,1,,,0
BALSHT,23,0265-0MO,JLAPINGTON,2017-02-28,1,,,0
BALSHT,23,0265-0MS,JLAPINGTON,2017-02-28,1,,,0
BALSHT,23,0265-0NC,JLAPINGTON,2017-02-28,1,,,0
BALSHT,23,0265-0ND,JLAPINGTON,2017-02-28,1,,,0
BALSHT,23,0265-0NE,JLAPINGTON,2017-02-28,1,,,0
BALSHT,23,0265-0NJ,JLAPINGTON,2017-02-28,1,,,0
BALSHT,23,0265-0NM,JLAPINGTON,2017-02-28,1,,,0
BALSHT,23,0265-0NV,JLAPINGTON,2017-02-28,1,,,0
BALSHT,23,0265-0NY,JLAPINGTON,2017-02-28,1,,,0
BALSHT,23,0265-0OH,JLAPINGTON,2017-02-28,1,,,0
BALSHT,23,0265-0OK,JLAPINGTON,2017-02-28,1,,,0
BALSHT,23,0265-0PA,JLAPINGTON,2017-02-28,1,,,0
BALSHT,23,0265-0RI,JLAPINGTON,2017-02-28,1,,,0
BALSHT,23,0265-0SC,JLAPINGTON,2017-02-28,1,,,0
BALSHT,23,0265-0SD,JLAPINGTON,2017-02-28,1,,,0
BALSHT,23,0265-0TN,JLAPINGTON,2017-02-28,1,,,0
BALSHT,23,0265-0TX,JLAPINGTON,2017-02-28,1,,,0
BALSHT,23,0265-0UT,JLAPINGTON,2017-02-28,1,,,0
BALSHT,23,0265-0VA,JLAPINGTON,2017-02-28,1,,,0
BALSHT,23,0265-0VT,JLAPINGTON,2017-02-28,1,,,0
BALSHT,23,0265-0WA,JLAPINGTON,2017-02-28,1,,,0
BALSHT,23,0265-0WI,JLAPINGTON,2017-02-28,1,,,0
BALSHT,23,0265-0WV,JLAPINGTON,2017-02-28,1,,,0
BALSHT,23,0265-0WY,JLAPINGTON,2017-02-28,1,,,0
BALSHT,23,0267-000,JLAPINGTON,2017-02-28,1,,,0
BALSHT,34,0290-000,JLAPINGTON,2017-02-28,1,,,0
BALSHT,38,0408-000,JLAPINGTON,2017-02-28,1,,,0
BALSHT,38,0410-000,JLAPINGTON,2017-02-28,1,,,0
BALSHT,38,0416-000,JLAPINGTON,2017-02-28,1,,,0
BALSHT,38,0420-000,JLAPINGTON,2017-02-28,1,,,0
BALSHT,38,0421-000,JLAPINGTON,2017-02-28,1,,,0
BALSHT,38,0422-000,JLAPINGTON,2017-02-28,1,,,0
BALSHT,38,0423-000,JLAPINGTON,2017-02-28,1,,,0
BALSHT,38,0425-000,JLAPINGTON,2017-02-28,1,,,0
BALSHT,38,0426-000,JLAPINGTON,2017-02-28,1,,,0
BALSHT,38,0428-000,JLAPINGTON,2017-02-28,1,,,0
BALSHT,38,0429-000,JLAPINGTON,2017-02-28,1,,,0
BALSHT,38,0431-000,JLAPINGTON,2017-02-28,1,,,0
BALSHT,38,0435-000,JLAPINGTON,2017-02-28,1,,,0
BALSHT,38,0440-000,JLAPINGTON,2017-02-28,1,,,0
BALSHT,38,0441-000,JLAPINGTON,2017-02-28,1,,,0
BALSHT,38,0450-000,JLAPINGTON,2017-02-28,1,,,0
BALSHT,38,0460-000,JLAPINGTON,2017-02-28,1,,,0
BALSHT,38,0461-000,JLAPINGTON,2017-02-28,1,,,0
BALSHT,38,0462-000,JLAPINGTON,2017-02-28,1,,,0
BALSHT,38,0470-000,JLAPINGTON,2017-02-28,1,,,0
BALSHT,38,0471-000,JLAPINGTON,2017-02-28,1,,,0
BALSHT,38,0473-000,JLAPINGTON,2017-02-28,1,,,0
BALSHT,38,0508-100,JLAPINGTON,2017-02-28,1,,,0
BALSHT,38,0511-000,JLAPINGTON,2017-02-28,1,,,0
BALSHT,38,0511-100,JLAPINGTON,2017-02-28,1,,,0
BALSHT,38,0512-000,JLAPINGTON,2017-02-28,1,,,0
BALSHT,38,0512-100,JLAPINGTON,2017-02-28,1,,,0
BALSHT,38,0513-000,JLAPINGTON,2017-02-28,1,,,0
BALSHT,38,0513-100,JLAPINGTON,2017-02-28,1,,,0
BALSHT,38,0515-000,JLAPINGTON,2017-02-28,1,,,0
BALSHT,38,0515-100,JLAPINGTON,2017-02-28,1,,,0
BALSHT,38,0516-000,JLAPINGTON,2017-02-28,1,,,0
BALSHT,38,0516-100,JLAPINGTON,2017-02-28,1,,,0
BALSHT,38,0517-000,JLAPINGTON,2017-02-28,1,,,0
BALSHT,38,0517-100,JLAPINGTON,2017-02-28,1,,,0
BALSHT,38,0518-000,JLAPINGTON,2017-02-28,1,,,0
BALSHT,38,0518-100,JLAPINGTON,2017-02-28,1,,,0
BALSHT,38,0519-000,JLAPINGTON,2017-02-28,1,,,0
BALSHT,38,0519-100,JLAPINGTON,2017-02-28,1,,,0
BALSHT,38,0520-000,JLAPINGTON,2017-02-28,1,,,0
BALSHT,38,0520-100,JLAPINGTON,2017-02-28,1,,,0
BALSHT,38,0521-000,JLAPINGTON,2017-02-28,1,,,0
BALSHT,38,0521-100,JLAPINGTON,2017-02-28,1,,,0
BALSHT,38,0522-000,JLAPINGTON,2017-02-28,1,,,0
BALSHT,38,0522-100,JLAPINGTON,2017-02-28,1,,,0
BALSHT,38,0536-000,JLAPINGTON,2017-02-28,1,,,0
BALSHT,38,0536-100,JLAPINGTON,2017-02-28,1,,,0
BALSHT,38,0560-100,JLAPINGTON,2017-02-28,1,,,0
BALSHT,38,0583-00R,JLAPINGTON,2017-02-28,1,,,0
BALSHT,38,0590-000,JLAPINGTON,2017-02-28,1,,,0
BALSHT,38,0817-000,JLAPINGTON,2017-02-28,1,,,0
BALSHT,38,0818-000,JLAPINGTON,2017-02-28,1,,,0
BALSHT,38,0819-000,JLAPINGTON,2017-02-28,1,,,0
BALSHT,38,0821-000,JLAPINGTON,2017-02-28,1,,,0
BALSHT,38,0822-000,JLAPINGTON,2017-02-28,1,,,0
BALSHT,38,0824-000,JLAPINGTON,2017-02-28,1,,,0
BALSHT,38,0825-000,JLAPINGTON,2017-02-28,1,,,0
BALSHT,38,0826-000,JLAPINGTON,2017-02-28,1,,,0
BALSHT,38,0830-000,JLAPINGTON,2017-02-28,1,,,0
BALSHT,38,0832-000,JLAPINGTON,2017-02-28,1,,,0
BALSHT,38,0834-000,JLAPINGTON,2017-02-28,1,,,0
BALSHT,38,0836-000,JLAPINGTON,2017-02-28,1,,,0
BALSHT,38,0840-000,JLAPINGTON,2017-02-28,1,,,0
BALSHT,38,0841-000,JLAPINGTON,2017-02-28,1,,,0
BALSHT,38,0842-000,JLAPINGTON,2017-02-28,1,,,0
BALSHT,38,0844-000,JLAPINGTON,2017-02-28,1,,,0
BALSHT,38,0845-000,JLAPINGTON,2017-02-28,1,,,0
BALSHT,38,0846-000,JLAPINGTON,2017-02-28,1,,,0
BALSHT,38,0847-000,JLAPINGTON,2017-02-28,1,,,0
BALSHT,38,0850-000,JLAPINGTON,2017-02-28,1,,,0
BALSHT,38,0855-000,JLAPINGTON,2017-02-28,1,,,0
BALSHT,38,0858-000,JLAPINGTON,2017-02-28,1,,,0
BALSHT,38,0859-000,JLAPINGTON,2017-02-28,1,,,0
BALSHT,38,0860-000,JLAPINGTON,2017-02-28,1,,,0
BALSHT,38,0861-000,JLAPINGTON,2017-02-28,1,,,0
BALSHT,38,0862-000,JLAPINGTON,2017-02-28,1,,,0
BALSHT,38,0863-000,JLAPINGTON,2017-02-28,1,,,0
BALSHT,38,0870-000,JLAPINGTON,2017-02-28,1,,,0
BALSHT,38,0871-000,JLAPINGTON,2017-02-28,1,,,0
BALSHT,38,0872-000,JLAPINGTON,2017-02-28,1,,,0
BALSHT,38,0873-000,JLAPINGTON,2017-02-28,1,,,0
BALSHT,38,0883-000,JLAPINGTON,2017-02-28,1,,,0
BALSHT,38,0883-00A,JLAPINGTON,2017-02-28,1,,,0
BALSHT,38,0883-00E,JLAPINGTON,2017-02-28,1,,,0
BALSHT,38,0883-00H,JLAPINGTON,2017-02-28,1,,,0
BALSHT,38,0883-00M,JLAPINGTON,2017-02-28,1,,,0
BALSHT,38,0883-00Q,JLAPINGTON,2017-02-28,1,,,0
BALSHT,38,0883-00R,JLAPINGTON,2017-02-28,1,,,0
BALSHT,38,0890-000,JLAPINGTON,2017-02-28,1,,,0
BALSHT,38,0899-00A,JLAPINGTON,2017-02-28,1,,,0
BALSHT,38,0899-00B,JLAPINGTON,2017-02-28,1,,,0
BALSHT,38,0899-00C,JLAPINGTON,2017-02-28,1,,,0
BALSHT,38,0899-00E,JLAPINGTON,2017-02-28,1,,,0
BALSHT,38,0899-00F,JLAPINGTON,2017-02-28,1,,,0
BALSHT,38,0899-00H,JLAPINGTON,2017-02-28,1,,,0
BALSHT,38,0899-00M,JLAPINGTON,2017-02-28,1,,,0
BALSHT,38,CFRG-100,JLAPINGTON,2017-02-28,1,,,0
BALSHT,38,CFRG-101,JLAPINGTON,2017-02-28,1,,,0
BALSHT,38,CFRG-110,JLAPINGTON,2017-02-28,1,,,0
BALSHT,38,CFRG-111,JLAPINGTON,2017-02-28,1,,,0
BALSHT,38,CFRO-350,JLAPINGTON,2017-02-28,1,,,0
BALSHT,38,CFRO-360,JLAPINGTON,2017-02-28,1,,,0
BALSHT,38,CFRS-300,JLAPINGTON,2017-02-28,1,,,0
BALSHT,38,CFRS-310,JLAPINGTON,2017-02-28,1,,,0
BALSHT,38,CGNA-000,JLAPINGTON,2017-02-28,1,,,0
BALSHT,38,COHD-000,JLAPINGTON,2017-02-28,1,,,0
BALSHT,38,COHD-100,JLAPINGTON,2017-02-28,1,,,0
BALSHT,38,CSUB-000,JLAPINGTON,2017-02-28,1,,,0
BALSHT,38,DFRB-010,JLAPINGTON,2017-02-28,1,,,0
BALSHT,38,DFRB-011,JLAPINGTON,2017-02-28,1,,,0
BALSHT,38,DFRB-100,JLAPINGTON,2017-02-28,1,,,0
BALSHT,38,DFRB-101,JLAPINGTON,2017-02-28,1,,,0
BALSHT,38,DFRB-110,JLAPINGTON,2017-02-28,1,,,0
BALSHT,38,DFRB-111,JLAPINGTON,2017-02-28,1,,,0
BALSHT,38,DFRD-010,JLAPINGTON,2017-02-28,1,,,0
BALSHT,38,DFRD-011,JLAPINGTON,2017-02-28,1,,,0
BALSHT,38,DFRD-100,JLAPINGTON,2017-02-28,1,,,0
BALSHT,38,DFRD-101,JLAPINGTON,2017-02-28,1,,,0
BALSHT,38,DFRD-110,JLAPINGTON,2017-02-28,1,,,0
BALSHT,38,DFRD-111,JLAPINGTON,2017-02-28,1,,,0
BALSHT,38,DFRG-100,JLAPINGTON,2017-02-28,1,,,0
BALSHT,38,DFRG-110,JLAPINGTON,2017-02-28,1,,,0
BALSHT,38,DFRG-111,JLAPINGTON,2017-02-28,1,,,0
BALSHT,38,DFRO-000,JLAPINGTON,2017-02-28,1,,,0
BALSHT,38,DFRO-001,JLAPINGTON,2017-02-28,1,,,0
BALSHT,38,DFRO-100,JLAPINGTON,2017-02-28,1,,,0
BALSHT,38,DFRO-101,JLAPINGTON,2017-02-28,1,,,0
BALSHT,38,DFRS-100,JLAPINGTON,2017-02-28,1,,,0
BALSHT,38,DFRS-101,JLAPINGTON,2017-02-28,1,,,0
BALSHT,38,DFRS-300,JLAPINGTON,2017-02-28,1,,,0
BALSHT,38,DFRS-301,JLAPINGTON,2017-02-28,1,,,0
BALSHT,38,DFRU-100,JLAPINGTON,2017-02-28,1,,,0
BALSHT,38,DFRU-101,JLAPINGTON,2017-02-28,1,,,0
BALSHT,38,DGNA-000,JLAPINGTON,2017-02-28,1,,,0
BALSHT,38,DOHB-120,JLAPINGTON,2017-02-28,1,,,0
BALSHT,38,DOHB-121,JLAPINGTON,2017-02-28,1,,,0
BALSHT,38,DOHD-120,JLAPINGTON,2017-02-28,1,,,0
BALSHT,38,DOHD-121,JLAPINGTON,2017-02-28,1,,,0
BALSHT,38,DSUB-000,JLAPINGTON,2017-02-28,1,,,0
BALSHT,38,0940-000,JLAPINGTON,2017-02-28,1,,,0
BALSHT,38,0940-010,JLAPINGTON,2017-02-28,1,,,0
BALSHT,38,0940-020,JLAPINGTON,2017-02-28,1,,,0
BALSHT,38,0997-000,JLAPINGTON,2017-02-28,1,,,0
BALSHT,38,0998-010,JLAPINGTON,2017-02-28,1,,,0
BALSHT,38,0999-000,JLAPINGTON,2017-02-28,1,,,0
BALSHT,38,0999-010,JLAPINGTON,2017-02-28,1,,,0
BALSHT,38,0999-020,JLAPINGTON,2017-02-28,1,,,0
BALSHT,38,0999-030,JLAPINGTON,2017-02-28,1,,,0
BALSHT,38,0999-040,JLAPINGTON,2017-02-28,1,,,0
BALSHT,38,0999-050,JLAPINGTON,2017-02-28,1,,,0
BALSHT,38,0999-060,JLAPINGTON,2017-02-28,1,,,0
BALSHT,38,1000-000,JLAPINGTON,2017-02-28,1,,,0
BALSHT,38,1000-100,JLAPINGTON,2017-02-28,1,,,0
BALSHT,38,1010-000,JLAPINGTON,2017-02-28,1,,,0
BALSHT,38,1010-015,JLAPINGTON,2017-02-28,1,,,0
BALSHT,38,1010-020,JLAPINGTON,2017-02-28,1,,,0
BALSHT,38,1010-025,JLAPINGTON,2017-02-28,1,,,0
BALSHT,38,1010-999,JLAPINGTON,2017-02-28,1,,,0
BALSHT,38,1020-000,JLAPINGTON,2017-02-28,1,,,0
BALSHT,38,1020-800,JLAPINGTON,2017-02-28,1,,,0
BALSHT,38,1299-000,JLAPINGTON,2017-02-28,1,,,0
BALSHT,38,2000-000,JLAPINGTON,2017-02-28,1,,,0
BALSHT,38,2000-100,JLAPINGTON,2017-02-28,1,,,0
BALSHT,38,2010-000,JLAPINGTON,2017-02-28,1,,,0
BALSHT,38,2010-010,JLAPINGTON,2017-02-28,1,,,0
BALSHT,38,2020-000,JLAPINGTON,2017-02-28,1,,,0
BALSHT,38,2040-000,JLAPINGTON,2017-02-28,1,,,0
BALSHT,38,0683-00A,JLAPINGTON,2017-02-28,1,,,0
INCSIE,138,0999-110,49301.RAJU.KARKI,2018-09-23,1,,,0
INCSIE,138,0999-120,49301.RAJU.KARKI,2018-09-23,1,,,0
INCSIE,138,0999-130,49301.RAJU.KARKI,2018-09-23,1,,,0
INCSIE,138,0999-170,49301.RAJU.KARKI,2018-09-23,1,,,0
INCSIE,138,0999-180,49301.RAJU.KARKI,2018-09-23,1,,,0
INCSIE,139,0940-020,49301.RAJU.KARKI,2018-09-23,1,,,0
INCSIE,140,0940-010,49301.RAJU.KARKI,2018-09-23,1,,,0
INCSIE,141,0940-000,49301.RAJU.KARKI,2018-09-23,1,,,0
INCSIE,142,0999-140,49301.RAJU.KARKI,2018-09-23,1,,,0
INCSIE,143,0999-060,49301.RAJU.KARKI,2018-09-23,1,,,0
INCSIE,144,0999-160,49301.RAJU.KARKI,2018-09-23,1,,,0
INCSIE,145,0999-150,49301.RAJU.KARKI,2018-09-23,1,,,0
INCSIE,132,FRNG-SVC,49301.RAJU.KARKI,2018-09-23,1,,,0
INCSIE,133,FRNG-OCS,49301.RAJU.KARKI,2018-09-23,1,,,0
INCSIE,134,FRNG-OIT,49301.RAJU.KARKI,2018-09-23,1,,,0
INCSIE,136,FRNG-GNA,49301.RAJU.KARKI,2018-09-23,1,,,0
INCSIE,136,FRNG-BPI,49301.RAJU.KARKI,2018-09-23,1,,,0
INCSIE,136,FRNG-BPC,49301.RAJU.KARKI,2018-09-23,1,,,0
INCSIE,136,OHCS-BNP,49301.RAJU.KARKI,2018-09-23,1,,,0
INCSIE,136,OHIT-BNP,49301.RAJU.KARKI,2018-09-23,1,,,0
BALSHT,20,0135-015,BADAWII,2019-01-30,1,,,0
,,,,,,,,
